N,P,K,temperature,humidity,ph,rainfall,label
102,65,170,23.35843410078278,87.03964301338483,6.062057487918592,180.19761669803765,Rice
92,102,32,24.264967522097603,76.43443876698241,5.845558906631446,79.31502006121079,Rice
14,32,29,19.35424629127754,86.344433726103,7.08127898851759,78.17738120371394,Maize
106,47,100,33.73789920380908,39.825386642520954,7.759260216046166,55.09359594066453,Wheat
71,90,129,21.281415433320777,41.33245377718576,9.761283049248304,72.9644249161736,Wheat
20,21,14,18.119178113387655,71.72368737887942,8.161671591044687,29.046920321194815,Wheat
102,102,192,23.841640870756887,16.894918348551805,7.619990607634709,207.83861246501644,Rice
121,102,46,11.983765639883565,76.46077116111712,5.644591579317392,131.90881746982282,Sugarcane
74,69,44,34.78179152161829,85.82660917223933,3.720824809589286,176.47229583856628,Rice
87,78,81,9.238354764258187,49.779519371971716,5.344000824670028,197.4653050951885,Sugarcane
116,89,109,31.228080140916667,79.75011573858177,8.418066562941554,290.8424536814551,Cotton
99,9,122,15.16368553106956,29.16415558537985,4.813740421144331,39.198390467585924,Rice
103,6,46,16.88766080826158,41.81771575032984,8.058004439514333,136.5064916885892,Rice
130,26,51,30.91999355267339,97.69793533856792,7.210590992444262,88.63339490041967,Rice
52,116,169,43.354432609245166,98.72832447410282,4.599883966402976,152.86893063575138,Wheat
1,61,26,35.864568619724764,58.13025304395009,5.174398760267712,276.36744126084506,Wheat
87,70,189,16.659219201374043,94.26692112845426,6.67634306231345,221.6848210185605,Sugarcane
37,78,111,14.925661475431458,58.99801910947244,6.177598112690224,204.4205699173543,Sugarcane
129,102,31,38.94490388531493,39.189102583411184,8.482808624299262,142.99872741079668,Rice
20,116,45,24.25760138766835,37.07326899006475,8.200189712276782,206.9706082976055,Sugarcane
57,129,84,13.56943753841981,93.85863895005036,7.177276822227309,29.21006749546777,Wheat
21,90,166,38.80495753160345,28.978655535059726,8.76255815342672,183.3502224259196,Sugarcane
88,80,164,37.2000138814163,63.874501667895814,7.101085060379575,174.31601737137078,Cotton
48,92,93,43.03994146362129,61.80849833297508,9.672091242606466,116.67003221535657,Wheat
58,42,70,40.4590802976014,77.58557837476167,4.890234234566921,76.28138110552938,Cotton
14,63,16,38.44230378538685,56.985117174873196,8.070444759053778,244.94270984310546,Sugarcane
50,142,172,10.62958904382291,37.534881122687096,5.867642445148595,35.18982645285335,Maize
107,103,77,12.433654858534508,28.71728001842628,5.285383644289241,39.58995816908448,Rice
54,67,80,28.600615161783473,67.40417146045493,4.654479846193363,142.797201350788,Wheat
63,53,94,27.295477770607366,75.81750786232207,7.0360222480738805,90.48593054381479,Cotton
130,36,14,24.737119864235837,63.0079735830502,4.879004369594952,227.65940667900378,Maize
50,139,100,22.60826852442753,77.47670444928639,4.782245449269798,196.69509840716745,Maize
134,25,180,23.806124873278645,26.328367049961585,9.839404192536435,235.19643376204152,Wheat
20,24,24,28.611568107890875,89.82769570662671,8.63118346781287,110.55815354881005,Wheat
72,131,43,8.872262812482827,64.11129507060872,8.288971649628003,226.2864208956525,Maize
17,72,64,17.872665339823257,25.070524534695576,8.581988005649631,260.1789905861468,Rice
131,114,70,26.836134279967144,53.78699000043149,9.701106391799954,116.28989179668852,Rice
88,120,69,33.933120233842885,86.59865193510862,7.168970808020502,114.79300702933823,Cotton
59,124,183,14.860652895359792,91.12107997893582,4.909560815378308,270.65647570715845,Rice
13,83,128,27.831464847802664,36.88046257839386,9.018141700820731,34.05662746213945,Maize
8,120,168,33.66319699922521,75.15548117768583,8.253476668506178,117.65771161489398,Maize
89,96,156,24.27304249540388,22.76873570935966,6.151573198938708,53.22655454358308,Sugarcane
52,18,159,9.742423451717777,17.074881180021926,6.530844790877737,28.265298266568387,Maize
129,129,134,24.434531914604158,62.226190342369094,6.132015350264762,51.611558931110594,Rice
83,62,163,19.11628209349653,73.74672354842039,9.451629825465627,140.21570368547108,Cotton
91,32,61,41.15180634800622,82.39892286182622,5.698602313589083,211.37987406609415,Sugarcane
110,30,82,13.136545821605793,43.356531635622176,9.666299383399505,100.70729872219829,Rice
7,117,198,31.506163251651678,14.759227673755614,9.32573933602528,256.664638049733,Cotton
34,70,33,10.634647868440641,55.29479862044302,7.53533531038831,141.98842947788282,Rice
80,135,19,24.326731235881837,15.558648838514689,7.210859347840477,289.65786658265324,Sugarcane
49,48,16,28.078486155258805,22.083072564487555,5.868571392447814,285.7415228061817,Maize
103,101,105,19.168831609826917,42.19724923097084,3.6173656896681594,235.40277276817463,Sugarcane
131,46,160,24.63663211610938,51.66564464730719,4.316788391921621,279.6884495776038,Maize
1,10,88,14.491672049650521,38.15053111338088,8.327080469437112,216.98483799563735,Sugarcane
133,27,129,19.383509961487658,64.06585333945345,6.5178568101642576,269.4408017745458,Wheat
53,93,107,30.414500106875064,18.94347693599076,4.458964058802996,86.01063554304311,Rice
105,127,28,19.302641943968197,26.59048116753241,5.189349466443974,116.33044170920307,Rice
3,55,153,40.11105912862873,73.78364494474066,9.5661561590208,229.74043736915297,Wheat
53,15,142,30.66856212590644,26.38147115334155,5.849650145985697,138.35539259288484,Maize
43,16,114,24.06498584157226,69.0287347745852,9.309164449402584,253.22822483336333,Rice
13,78,82,10.14874135728555,18.88647199856343,5.449669326678891,264.4468979628778,Wheat
94,12,105,26.18428206512256,49.11266132051033,6.976608603949829,103.6147155978334,Rice
47,45,150,35.414213225953105,29.403991589385328,3.6310533335180666,249.3663599191583,Cotton
14,89,146,18.041404410831994,23.595829413265477,6.840000706390892,63.13174663743126,Maize
39,76,166,36.8757202237771,62.7947095460552,7.576428867908034,113.20694482070509,Cotton
81,59,132,17.562875458570673,93.7583756608818,4.999552635757938,164.34964589708255,Maize
110,141,62,37.46637430068785,18.895250007048134,7.205197927714285,83.21929899351319,Wheat
52,51,80,11.767338288086375,50.32719907228554,7.641873741126307,181.41023697077796,Maize
23,108,154,38.94319306864223,74.83578701478453,7.896070901643242,181.25084040712105,Maize
123,46,202,26.1716884924799,53.85234717564677,8.468981260941462,77.78107563700706,Wheat
40,64,40,19.119508118785117,83.31670258121952,5.492571154748266,241.62698628162258,Maize
14,16,177,18.02594111444718,29.595603569556083,7.133772521164021,195.98666140321959,Rice
44,134,168,23.83396745077662,96.43722337087736,9.782105790493404,108.63274904938478,Sugarcane
64,11,26,43.56692253400685,47.208437200106715,9.248122692257006,84.81702523978225,Wheat
88,84,131,16.46739329162787,43.47251754332438,9.597058739829546,264.75616363763953,Sugarcane
70,135,84,12.391939380989188,89.15371658892133,5.971272950582858,252.78706684602085,Wheat
8,113,193,29.159223871409434,62.5234046331244,8.536339877738635,84.14239581229297,Wheat
87,7,104,25.801277832120945,58.4592801010718,7.467346891266226,30.108934539544393,Cotton
128,31,188,27.042030233003096,76.50200770358653,4.029504531598343,244.10142139531138,Cotton
135,118,100,32.00935253099115,63.89179422068945,8.773474490605219,191.4960309302615,Maize
62,111,165,18.096613631498595,28.127590755684786,7.833448168687133,48.275468407277835,Sugarcane
138,44,177,40.491141839359315,71.97873627952447,4.773071100897708,183.6617887907185,Wheat
80,133,168,23.961387901055705,25.63828295447841,4.010326767548553,146.04244133615953,Maize
135,12,152,13.29219959095767,83.26200534712912,8.856941636149315,235.75735613592835,Rice
32,105,22,34.63199673434126,99.02042642394163,4.004971708743687,78.38831157277457,Wheat
122,128,42,31.180031471101188,46.54211946033833,4.084664738345195,146.3135219400889,Rice
4,111,199,19.78787040644449,52.31558047591248,6.235413042587618,63.682736996308435,Maize
40,105,155,30.428851596384888,18.179364274877013,4.362706101884653,286.67982749975863,Cotton
27,8,113,16.451196081640397,15.376934218676958,9.347485423633405,236.92282907227317,Maize
134,114,127,24.280409705050428,93.16563699890129,6.509817192084715,225.22985129533865,Rice
71,23,148,40.099555771422914,25.223081979638756,7.142566276189258,212.28451487528918,Wheat
11,36,191,13.44699131399408,52.403238665846615,9.43987897265976,138.01453193839401,Sugarcane
32,141,201,22.25703645956368,84.07589126442163,6.893684644085431,277.1494962901852,Maize
47,16,200,37.375756380268086,90.41461772585698,5.762983334126838,40.492804419285605,Wheat
61,143,153,42.53828329933499,58.71238162879318,8.601792677221324,243.74699964825228,Cotton
36,50,108,24.596629547478496,62.623287390438904,6.334241263841349,80.0992693450254,Cotton
98,123,202,26.44358678098849,71.59191644010245,5.538204323854755,110.37698005289991,Cotton
103,20,144,28.711584270075186,96.59047769131641,8.128668535075422,164.7572935716019,Wheat
34,133,148,41.24571532885314,65.84881565294408,8.630276330323476,238.01288957676778,Maize
100,67,85,38.66559632600064,62.14702973540888,8.566983472539338,253.5642648000349,Wheat
130,113,91,14.736919136833222,15.4455753922954,9.757116250423728,182.65268521956276,Wheat
0,123,146,23.999172061078212,21.137389463315916,8.534668472799762,132.3647765705229,Sugarcane
4,25,65,24.947214901235633,63.663608401676484,8.427573990071593,283.61162387651336,Sugarcane
102,17,203,36.26054468537673,94.43580123507732,8.98790562391181,88.8068766320962,Maize
26,8,50,29.780672314669147,88.47544855782816,3.501185249890834,243.7012204675808,Sugarcane
136,106,36,31.56687207860965,98.40701370043195,5.819561031601733,190.53340964902102,Cotton
14,63,19,43.537356786763496,59.43537701900118,8.220659814620301,125.089883199155,Sugarcane
89,132,48,11.408609512756454,81.72568142411663,7.338201671105775,20.58071004837229,Cotton
41,31,149,16.56074185897391,86.22230840863648,4.636460816842353,144.48858556532284,Maize
123,73,173,22.99477862052983,69.73631303325486,5.44389177016669,97.2111753160219,Wheat
62,29,58,20.902827626101274,43.230866791183274,5.655472710925483,49.23966248850352,Wheat
95,135,48,9.55326553487503,54.47715185017299,7.1340999115028225,41.11662873358901,Sugarcane
51,101,102,11.99386070519692,87.72349309127375,8.82222909722289,116.92548249081884,Cotton
95,29,9,32.497174540844455,39.78555725667145,9.467947390577152,191.2869812865225,Rice
131,130,113,39.40049132501711,93.36478634955178,8.30059144226329,253.2816254660165,Rice
28,137,31,26.69509999205602,33.8944034599224,8.894882497131583,71.28565106884108,Rice
35,13,120,27.563849567074428,78.43355677893611,6.508614134089703,138.3784172153085,Wheat
12,120,91,17.6772514625668,68.23892638342977,5.99456204558264,129.28139380156097,Wheat
70,138,108,35.52209745445315,78.44067210404933,6.013334605722989,163.0775527627299,Cotton
85,64,127,34.96245164038052,51.68068695747337,7.442646581375726,245.50813746629856,Sugarcane
27,125,83,29.27512598477445,94.12733906087648,4.2951149155571775,174.27946416918704,Rice
65,143,47,16.200717170594732,68.40286774666362,7.208762769857672,255.82406242768846,Cotton
44,112,101,12.176233994650714,38.90695045029976,7.756850305175844,164.5129537139965,Cotton
61,112,35,11.035502439827981,68.91559955488871,6.309015937319929,188.25072172994786,Sugarcane
133,135,103,29.425823119172147,38.78010953564257,9.600269931335472,141.92375638579907,Cotton
27,80,21,37.51122910616944,39.36429597382122,7.3925649432292815,249.26749999627486,Sugarcane
27,34,87,38.66989902597618,48.445592445908375,4.907996622314402,277.30111153128286,Maize
107,25,114,24.934048187152055,87.2532867856735,6.566984047574504,198.07398061967143,Sugarcane
43,38,186,36.09264121587375,57.07552783556511,7.822588397665881,248.62375560481914,Rice
83,45,194,41.75143083266762,72.38180217912878,5.5712263973150655,36.62062785194961,Rice
29,55,36,18.375919914584767,47.791635341521484,4.009706280249748,272.3709004276048,Sugarcane
74,86,172,22.649020054050347,36.79098619144974,7.233988062149664,72.77784610132836,Maize
127,62,145,41.21546894236448,96.01266177338104,9.566369079165952,91.58963492477235,Maize
91,79,39,20.570437662641513,65.92691287844647,6.6044607076043125,35.04175798193748,Rice
128,27,137,40.60289490319851,94.23962971653896,9.299098116141042,288.87085255388064,Maize
120,132,33,42.94036120645541,31.6324942883956,8.84415096557884,257.3146194126152,Cotton
26,21,74,31.831013354389977,26.788829847338334,4.4434418152574935,274.33927531854863,Wheat
120,73,157,37.22778207474505,87.54402314051855,8.032287499747653,255.98025948761216,Cotton
115,112,99,34.88418563489377,72.55460512129845,6.286979360460663,153.65335282233468,Rice
2,143,26,33.14379216502023,30.189777386037065,5.101576481682796,277.3720022574595,Maize
102,98,198,19.481201339746892,37.284126346865186,7.896405476266899,290.0042859248865,Sugarcane
136,19,177,10.786882959196442,82.81689978871917,8.253028599401098,160.06438964048934,Wheat
61,95,73,20.73820029168384,53.09654073365172,4.651336439902968,69.07637664381566,Sugarcane
50,37,93,32.00937228509595,71.665321407572,9.352445965159735,203.49464424442917,Rice
58,129,76,12.368016098327487,41.48276829705613,8.307342361289223,291.6644760662487,Maize
117,20,133,9.214745807642826,46.871406952806936,9.4736031945086,262.9184710987249,Sugarcane
95,70,176,13.661294566582265,99.1040662740001,5.529268600087622,260.0431635214061,Sugarcane
112,51,91,33.70761023909567,35.42078437087338,9.511744100755116,280.0815540774666,Wheat
61,128,100,42.653220817644254,57.60331151202925,5.8585130101656375,268.98691411177384,Wheat
51,5,79,43.01065154659575,86.56528081142862,3.845406473135307,236.23918709629092,Maize
11,91,171,25.99047439007854,34.70142941116403,8.38300408773775,220.0953291906365,Wheat
38,132,58,39.05346007453369,49.78381894784714,8.002452122165382,93.88470445316514,Sugarcane
129,71,92,34.44156066015234,66.913323327608,7.326630350485328,193.11892796353743,Sugarcane
130,8,161,26.236200247064197,55.437824581416294,6.635319964058714,165.33028342074905,Rice
112,51,58,28.732066546837018,53.5793442450762,3.705857730064841,260.07904068698986,Sugarcane
100,42,20,13.575504702267114,45.26708397430599,7.497422409728988,157.04360920228703,Maize
112,25,103,41.4306188294574,64.47559029031108,6.167741537425879,55.75081109393038,Cotton
80,61,24,21.04715602146583,67.7087402120534,7.085340177542048,21.583842665209776,Rice
112,121,50,24.3259941247095,70.18691365524677,6.247656588592872,208.85208942642953,Rice
1,50,199,32.17377603872687,20.230546847546712,9.682759249697273,173.23950413748904,Maize
129,43,197,20.419806009124077,68.27962885852259,7.366296967365422,112.30697628295617,Maize
53,141,131,17.64821880241478,95.89242622155166,8.295112515855791,67.22494935554488,Wheat
86,103,62,30.760518885803677,60.562520384756766,9.492620463814934,150.08687422500594,Rice
128,81,185,9.669446063408362,75.49838897104223,7.2862356666671335,48.10972529087944,Wheat
125,119,115,33.88123389852842,61.91195877496496,3.577200114063365,113.73899255024413,Sugarcane
129,138,133,26.688013271702538,87.45127101333257,3.719466741187471,125.73467350537706,Rice
52,95,85,29.880229822128516,93.86527120701166,7.994965978251916,149.78168277340487,Rice
67,102,198,30.789429541791602,29.987645369697994,5.286144871368214,150.06055509760108,Cotton
122,124,161,27.141345445941216,51.63890513294575,7.208030255026872,91.72467057889136,Rice
37,50,88,29.07217545493761,47.827146049934214,4.794573958980282,256.81371617983314,Sugarcane
23,42,74,32.59582939096764,48.92693606674818,5.22959280039497,119.1477577912523,Wheat
68,104,12,35.00853588185266,24.957422331228962,6.729702758067682,84.09414806478729,Wheat
115,76,33,34.11534321675699,83.92686771654765,9.743644565478926,69.12789055316726,Cotton
97,39,116,39.06265272908271,17.26516702637995,7.4441311309388265,109.9735671902783,Sugarcane
138,34,183,15.392631474225617,59.46902028221734,9.491347868883349,38.99996733264781,Wheat
96,82,165,22.759949338314556,70.92297785543003,9.640031068076464,29.358163645604414,Maize
123,88,135,41.783303097303104,31.980130841645774,4.8319039770912475,188.61107337023807,Sugarcane
69,117,192,22.601351988644275,91.83136146286678,5.491639055801245,192.5086479624896,Sugarcane
92,29,167,13.14547867632611,86.06366704202478,8.427950599799708,167.584396794236,Cotton
2,92,201,27.08549039740385,54.5718756167724,9.047289614664601,232.34396983298888,Wheat
89,18,112,12.610285844895284,49.43546350154989,6.823051162812978,31.095596472310802,Sugarcane
95,106,113,15.85929270772971,34.47387119059127,9.856646830595515,280.68131601469486,Wheat
51,87,24,43.5414927286693,76.76041935207338,3.5740620720337297,46.65662380243994,Maize
127,114,77,27.63941981618539,25.490443628459325,5.41739299574538,207.78059933973708,Cotton
38,135,171,18.68523193860693,72.49637550441221,7.488235223965312,57.324270702227224,Maize
81,23,8,43.418168419171934,86.39856371034804,6.503455429999891,265.0776820895586,Cotton
103,32,23,42.436250365718976,33.78001405608893,4.246258985144324,162.33150775680218,Sugarcane
128,75,106,24.13771862973237,88.45282842842342,5.853837347075608,43.10229246530273,Cotton
10,67,177,17.862028185819213,17.055798191965874,3.66286171708825,191.83432056443047,Rice
41,77,175,37.97630740560821,92.42587892762523,7.613574694881788,22.735297382416718,Wheat
98,128,145,33.70360095061814,24.34364292685624,9.213552275176674,236.16697225992007,Wheat
6,123,145,32.70556193812216,69.5415615492894,9.163194392214137,201.25780178361615,Rice
89,125,192,39.880358198022044,35.632067585924815,7.977084632099498,79.37346774786408,Maize
111,23,189,32.7917162587221,85.8925399232359,6.480929251186737,124.49317997180688,Rice
59,124,90,18.676168417845908,58.10414093045547,6.777002359625534,22.37260307625816,Sugarcane
112,65,56,32.946438033275484,25.790170089825168,4.376280473572242,213.25220570648636,Sugarcane
1,34,115,19.442310192671506,63.133977662636354,5.682509395962899,109.99854266895487,Wheat
128,13,185,35.22151649206343,49.15553969388145,4.7014596831889515,179.27319512707695,Sugarcane
47,68,113,30.367225336306497,70.88607788374277,8.75568130143971,286.45729884859503,Wheat
139,124,90,11.49392200906932,89.77911150422848,9.354424968562942,103.54158621331291,Rice
36,56,47,26.64667061274294,49.284648542418964,6.936308873088749,295.7832031415007,Rice
8,93,204,20.746873728011785,39.04277423605177,8.157689859282844,196.28830982590574,Rice
98,57,204,20.23425801908384,15.443943601016073,4.277374533805616,87.57327582725604,Wheat
47,82,46,29.758519322728553,63.46370554459128,7.394621716974326,141.75528484481603,Rice
130,45,94,20.016903891535986,48.67494756887386,7.997862536818214,226.26810395935303,Rice
53,72,119,35.83590243752957,46.30743806957082,6.397716028872965,144.45480170820153,Maize
119,12,30,11.263541973188872,29.877557034057013,5.056947740612471,39.265655991154034,Rice
115,6,155,31.781511183374725,51.05574308289221,9.115196931464904,67.12239896276154,Sugarcane
74,109,47,36.959979167254595,98.56667542209466,8.254615807703825,240.41816265167205,Wheat
112,129,81,32.21454280923096,39.71753096971134,9.259086603834849,200.64222697233646,Maize
103,114,160,26.10357598669585,65.59466822907419,8.73777694398607,178.7824303415328,Cotton
83,90,141,41.87068407801911,80.74492572875265,9.83839634930472,66.84919446122818,Wheat
111,124,24,19.237859444972614,78.40282544622877,4.729905492572473,253.34789704099944,Sugarcane
98,131,188,9.467042485869227,42.375956438115026,4.055185713945434,287.5739724978534,Wheat
92,20,43,23.83323012692774,66.55070915739408,5.656817864558455,31.57887923165333,Sugarcane
127,66,183,9.948815369331388,88.86738352765248,4.325626720148857,41.91626960296793,Sugarcane
109,117,16,41.99699898791903,15.523844556724779,6.848032722599836,266.41882927244336,Cotton
81,16,187,16.105147992032194,51.542434381471466,7.551384994609552,247.1681922971413,Wheat
53,39,15,36.25466043342101,33.42023194333128,7.201047137109784,192.17115896879304,Cotton
67,15,158,35.7551084944679,47.505787287180496,5.159136866497729,283.1838176608422,Cotton
32,68,46,16.376965708966086,49.85030940347821,9.316473798200299,200.10162985517448,Wheat
20,54,159,30.41868326070982,78.18970168221479,3.6355031279064223,80.30870223552078,Rice
47,73,15,10.473148103328468,22.240534464289478,5.727285464086355,222.9811586904133,Rice
127,52,42,25.628395582494587,58.12844049845614,8.10155184254759,199.90118894271086,Cotton
135,24,102,9.30972002908254,62.55149365715248,8.408345128634622,294.53275056939117,Maize
134,105,175,40.85580703029329,56.54930662438963,6.1631586843639035,79.72718343310454,Cotton
127,141,23,42.767793642145094,76.92153778747512,3.608222804840749,186.5913777897113,Cotton
32,72,196,16.535440279022765,47.090910631216815,7.455479546391919,237.3206214352516,Cotton
114,39,138,16.042090003953774,95.18367735395452,3.9038059595725807,114.53899376281294,Rice
118,69,178,35.029462144362114,55.49055502558727,4.190276967382493,125.86482797623955,Rice
21,12,120,17.61760307926084,63.153032053988156,7.661604605735616,267.3030816067717,Rice
37,49,117,39.94866425883221,84.94799156081643,5.499925287314271,132.68743499515168,Cotton
108,91,174,28.77273393707978,37.787734278297194,5.727392977332819,194.0631526825495,Maize
50,80,69,21.00706128075886,20.64481386497217,6.615565292692758,267.67497367371556,Rice
7,80,103,37.77774237295982,74.85708694566475,9.762901727099994,78.59473807410322,Wheat
26,51,76,25.97055317438615,55.594116020496045,9.678830212727746,293.4564515749302,Wheat
26,19,191,40.52482539705495,91.03041430718586,6.164070395904481,215.55366850394165,Wheat
20,109,56,41.09489543818246,98.4156801755126,5.199194990197006,158.27066747956408,Sugarcane
29,30,122,14.556621294068645,48.40367134425429,5.436589777050341,140.12519305888264,Cotton
96,56,179,8.880854533391174,49.80312369345293,5.220200308234267,285.7996725079837,Wheat
27,97,124,43.0407967169556,49.16239500903076,6.906373165707397,77.45321950150615,Cotton
110,25,11,40.33358625723628,42.01428720394037,7.3839027699259425,106.94145038023105,Wheat
60,55,15,10.729494202493681,81.19058427858026,6.628188084669863,105.85872386898745,Maize
47,42,107,37.789592385149234,79.24593684545536,6.111163918388176,100.63046295660119,Cotton
3,24,65,24.73161165306039,55.21986540617998,4.852224240447602,150.5941379835263,Wheat
34,136,72,17.811863854869138,18.027466243671622,6.588035784845525,295.488580618438,Rice
48,59,157,39.38037902395716,40.729232139670394,5.6830573683357315,267.5493571771233,Cotton
16,96,144,15.644019687182693,39.25037108974958,6.966210961909395,111.4683648638696,Sugarcane
45,32,158,41.76603997981833,83.71017699936215,7.821212259274393,137.88475320769732,Rice
116,8,106,15.95562777193707,21.705226641766174,7.553197916394308,206.51649171920468,Rice
5,80,114,30.156174932960273,83.24637998395976,6.459937346595797,24.973312737867705,Sugarcane
98,71,144,16.563404441608327,71.54903899346655,7.05873551539175,248.4487632122158,Rice
123,90,175,27.78926954090849,76.9702330474795,5.323079238148862,265.0477993499072,Rice
36,95,55,32.60233452104691,51.24067017603652,3.655137657743294,258.75885304251784,Wheat
23,109,121,15.419931992540787,72.45250071735067,7.500124506675866,124.57763587024472,Wheat
92,5,169,26.926825237983635,66.39378056138268,5.116438778481196,148.7744628994591,Cotton
45,76,50,25.12327910477614,80.10160273109355,7.781303744436957,23.647669985815245,Cotton
94,91,57,11.272102264836276,52.488174813929206,8.28085439742054,131.3517253605202,Cotton
98,10,92,37.27711205510054,54.721156053613115,9.3619375750642,148.33678466462518,Wheat
115,65,125,20.48174754237089,69.35448228880259,9.631985891069522,272.61094576095763,Cotton
66,16,17,28.79546047480541,23.462241207209477,3.567366696382089,268.996769606642,Rice
127,10,93,26.714491375673077,51.586149224821995,9.83839493986968,289.0648129356652,Wheat
17,31,129,26.66146555905139,97.49618743876535,7.87131723836263,266.52471735069184,Cotton
24,140,122,12.531339318455363,17.41823382914591,7.618554626394811,22.482257433713773,Rice
53,128,58,23.53717392187678,41.28160474964995,3.5973638092502744,198.71855520405674,Cotton
57,110,189,24.542363220388644,41.11921149595908,9.01189383607512,39.19054720757625,Maize
66,97,120,34.3307708446828,68.48787501850572,4.431145262386089,96.06298989954995,Cotton
103,113,122,38.0326553508403,23.267090802648788,8.858912985171463,181.1430132816625,Maize
23,103,8,27.765383277880623,68.0662234463184,3.5996002960557822,215.18082566281808,Cotton
113,39,79,11.820046801461668,22.344948623843784,7.634171279994632,202.3840928127276,Sugarcane
31,88,53,17.04236157675981,22.33752758375097,6.282729816126897,33.852943649825406,Cotton
85,60,11,14.539704134475041,76.60531371105293,4.784907065979745,49.03295690120633,Wheat
126,53,114,13.13660419898154,41.97838439747065,4.188392907330778,55.98571003877339,Wheat
129,50,126,21.5332955918997,97.9651466190682,6.316817257896489,45.640621055005035,Maize
16,117,15,16.782893874972494,17.401146652527057,4.2891571540571185,69.80263999585239,Wheat
103,140,96,16.39694829104063,52.34564108063209,6.613258314822705,211.80615232200697,Rice
136,47,186,10.703322475254115,23.895749858663827,7.501389175378255,251.42200699759223,Sugarcane
42,128,177,9.4149175588811,44.313177451169906,8.795258839087094,133.97290560743008,Sugarcane
38,101,27,12.376334844212407,99.74766401719565,7.8433563979703464,213.00109323900801,Rice
25,94,32,14.79247228394243,90.37380325599219,3.917278506919363,75.86452551027952,Maize
98,43,115,23.798233763917466,18.341401838907515,5.467568208306158,291.0638661995775,Rice
49,89,61,26.56610509319979,62.47102581586107,5.343063090768003,117.60431061127518,Rice
12,66,30,13.692598752433122,69.71837152345414,9.35620751021494,255.6047599968056,Sugarcane
59,110,157,23.582460285041684,32.15711727252577,9.053805084113687,283.2954615027584,Cotton
134,111,58,20.69285971294227,26.635547640075785,5.868946677442668,260.8498958681966,Sugarcane
56,58,33,15.18314279372887,91.70546324083536,3.955393637648519,38.86492742366241,Sugarcane
35,130,101,9.038058035563052,97.22756903512538,9.222286833950294,201.18048187860936,Wheat
19,13,168,25.052221754956612,99.2052178722933,9.184415698970799,53.621243638862694,Rice
64,92,18,32.660680874428934,81.88258400905818,8.97037524499664,21.776013046329226,Sugarcane
7,41,82,16.674451228204482,71.06212734803054,8.90852248150721,34.61133244935567,Rice
114,53,39,13.386877680404442,43.82908261293992,6.57362560695139,275.16432137121603,Wheat
91,45,34,39.669087506754266,28.888835366231284,4.6355625743974285,273.0253960186676,Rice
97,21,96,18.370862082575364,20.968637365686057,6.555923522959537,83.04692711473061,Sugarcane
65,92,21,16.581719168784733,73.61559305486287,6.665425732284575,172.44713607845767,Rice
31,25,199,38.62697349842507,81.45079668087101,6.635563220767109,285.9843653886073,Wheat
85,55,162,37.235327051003296,85.0270780153918,6.9481445511367435,158.433315894609,Cotton
50,63,97,24.40245717425725,92.50966078313554,5.149004947143393,129.73270734656444,Rice
62,45,177,25.825512377686554,89.60996360380862,5.843943559255136,154.688111552619,Sugarcane
124,43,83,16.377654928223965,99.87782703251854,6.278794188566206,240.11704643990606,Wheat
57,15,114,11.524898132688602,35.116285739893435,4.339175740905599,153.02636513399938,Sugarcane
57,143,183,28.755427522377005,79.61546262368645,6.414330461193604,238.18617870088343,Sugarcane
85,81,106,12.222403271339417,64.45958021052016,8.687005549245395,140.34139912187163,Rice
48,131,110,24.434754234091415,36.588707851272005,8.799581073490408,90.33317829812785,Sugarcane
69,50,51,41.52930250825277,98.349286119991,6.1340081401665945,111.05736070852213,Rice
14,49,185,41.95863674313634,91.14986757915341,6.820373197339863,41.85827020852328,Cotton
53,5,68,17.12876357184808,25.21379278566078,3.7153621256643623,158.6211724891016,Sugarcane
100,112,170,30.51914701758877,16.44176993711708,7.816368361399021,61.419270396615104,Sugarcane
7,23,68,25.297853990953445,73.1899463319104,6.089477650859924,246.05353186295616,Sugarcane
52,80,91,39.273842439996486,65.97399489300506,6.351057171733413,137.25035678786364,Maize
59,76,11,18.245794076806654,94.39939898632521,9.091505453950495,233.10014676689653,Maize
107,113,26,8.928843757768107,34.2542531096437,6.455740381187894,285.82633698400167,Wheat
4,16,85,14.457129966413245,21.43204713460039,3.6356303758582578,256.6097134051936,Maize
102,49,173,20.963393480695053,36.414754104259245,4.955941701561999,284.9923420732616,Wheat
5,94,78,19.787095316013,15.822098791832417,6.543971931572857,178.25673542812422,Maize
108,107,142,36.339429585476424,17.27600877689151,6.216136273590629,66.2097899767848,Cotton
115,12,189,32.483511181631556,92.60331396740911,9.006368878595076,280.5206940493239,Wheat
93,95,139,19.224559922598424,44.367821120410966,6.969680059559467,261.9047719030813,Maize
46,91,129,24.729484837384227,49.40633138652963,7.913668748256774,260.76613541392624,Cotton
98,88,54,12.125456817750067,15.774450793915546,6.503669101078209,213.13827314784635,Maize
54,86,56,40.0554962797395,37.38371656072725,6.313796697978656,194.1141957663859,Rice
51,72,165,41.35278389080899,83.16501680664064,6.3562346782358485,24.297659105008556,Rice
12,131,5,42.89716303125664,66.94757524343784,6.129898046040569,228.38344742722273,Cotton
113,86,185,39.025638511347154,78.7989975131058,6.946933669466902,45.67422319546483,Sugarcane
123,88,192,14.853838891828648,52.526217586027386,5.102837771223063,92.48868551734685,Sugarcane
105,117,166,10.407637615416684,40.74379430408898,9.202753240587654,173.67974919627704,Rice
119,80,8,28.969966113961053,55.576824998241335,5.631747507800787,145.9171783710024,Rice
62,126,149,40.55865493553224,41.88719056237288,4.44415253873502,24.59001267339341,Sugarcane
18,45,136,14.971827385759052,86.09982298496763,4.117923063025569,249.51504176711154,Wheat
91,6,175,9.045093428920138,39.710637426306874,3.5859066567688167,264.7703066353133,Sugarcane
57,33,8,36.8312624019221,70.74174398682928,6.206278902827913,209.9652401751502,Maize
89,109,5,11.472489813178344,25.939376451926535,4.700710326690718,170.77918506419365,Wheat
116,55,75,23.196969910469058,73.06445851308179,3.6385465765583866,287.5733405657229,Maize
61,79,182,32.425279334169716,92.46978528412289,6.828125096252952,53.58381261632182,Rice
22,14,193,17.04055597387507,66.35557635264014,7.851862711364873,225.56036793496645,Wheat
126,55,39,11.721897207946089,62.1796060689547,4.048806725831068,55.922758568733556,Maize
136,122,12,35.59673875026284,96.56783556945457,6.4498929466858215,126.4674075403866,Maize
139,125,156,30.73009295406904,67.96788479056804,8.25922354304478,183.14033890228336,Wheat
128,43,40,43.1994688601408,36.44347213150318,9.809163654453922,225.33150426736125,Cotton
57,32,182,20.781919559534582,39.25791074375135,7.77001820571239,21.234190705693145,Sugarcane
121,7,127,10.949331042898951,74.64477926532896,5.066973125180931,92.72439177726531,Maize
0,88,47,34.35538122966829,77.22691609656037,8.085943294585597,169.981168929353,Sugarcane
33,121,31,26.95632297609295,40.2096270643186,7.326748331646912,168.4987449106474,Sugarcane
95,6,36,16.2194968123419,43.7959789082865,4.855515446921905,197.65143684554528,Rice
125,97,82,36.004168817365624,99.13354279893976,8.94710928542435,104.76245155562631,Sugarcane
117,135,125,15.890690907578042,22.937333499029776,6.235388334256646,170.62929057805079,Maize
47,98,150,17.871025588186193,48.878078937316516,9.656656990298405,73.01766016004261,Rice
88,44,160,12.019993691961826,19.551753423626387,8.12656644766578,72.20653726848165,Wheat
116,6,161,22.700243310273734,84.56641562324926,7.625204189643662,180.65775102051148,Maize
128,85,20,23.37873699302218,22.114038397623542,8.161458159849996,210.9670204181184,Rice
15,16,103,26.706750304120785,71.96243044885435,6.559820920436618,53.70731072740243,Rice
68,69,51,33.471956495907456,19.04062943709841,6.733449457930714,54.37242969994536,Sugarcane
21,59,191,40.33231231807882,71.86367674029053,8.94772726684636,177.52373903344335,Wheat
92,49,35,13.593146641295741,86.44826635170418,7.857942634518419,95.36764786053857,Maize
75,105,8,10.691313822533266,48.37900485739172,9.242357281226507,129.40467015370214,Maize
85,66,169,9.444886929082799,58.94624048713756,9.20129122287532,131.72829298032093,Sugarcane
28,53,21,13.798023956794806,48.612126947052715,9.749536217883195,69.89126073899223,Wheat
68,131,43,31.69664210520058,39.951886614817155,7.981373816610139,20.565862483743334,Maize
46,27,52,34.116202314278084,83.0396734337449,6.714730993035149,257.63214871437475,Wheat
93,42,178,36.17039883077865,37.510620568745814,4.564394881338127,219.18504794422665,Maize
84,32,180,17.281045774271124,76.15625147017562,8.01443558174347,212.3768807235619,Sugarcane
38,25,43,19.44513950150089,31.871089692170834,5.366097387263556,172.29237993693687,Cotton
99,111,136,25.61308566567938,35.612470323912845,5.31086443543892,215.2798548690909,Maize
32,103,34,10.998771770735882,43.03472163286709,5.025041769267636,280.60207547150424,Rice
100,123,162,30.067725007751363,64.69070154264766,9.10078116704928,205.45700079261172,Rice
22,77,26,43.03397917191637,53.143992751972675,9.054972458765814,93.97493715640933,Cotton
9,126,70,21.356059635954487,78.0589102022442,7.538210847168372,178.9868623994919,Maize
68,34,112,34.999092133180156,32.50271763881168,6.5270782807727095,143.29888145681628,Rice
99,112,16,26.201180261822355,15.114615068645083,7.801532544632314,175.0514441885112,Rice
33,102,40,13.247852183741319,80.75097533199336,7.386268481909701,164.2509958639892,Maize
137,36,22,29.061863218330004,84.61534791352221,6.160699189269679,259.1971618790818,Wheat
95,83,94,19.23562454185346,19.297449978388983,5.92963755190806,201.59596877095098,Maize
0,45,185,9.997231654180347,66.55477464897459,5.949883572130242,72.73148440906112,Wheat
68,67,203,30.895554608097484,46.61232137792278,7.270453780198645,37.737569561015704,Cotton
3,27,5,38.69084575650052,82.2368576501701,7.645083879173286,138.30044239001884,Sugarcane
15,108,131,20.79798788811562,89.13732729463821,6.391147222498828,24.544436174326048,Cotton
23,79,190,22.382285043004412,87.13102281452426,9.699625281363476,108.78216247741732,Sugarcane
79,52,94,39.80755456725896,80.80640399796803,4.036612595228679,122.6203749449365,Rice
1,61,91,37.113586705183984,37.25777600320336,5.7211009661041725,124.72638363696183,Rice
127,122,94,33.680358259601846,83.77894245380475,6.182077972002823,292.75311176933934,Rice
83,104,138,17.458137818609547,59.91910538516929,3.608296598175636,104.77561406143792,Wheat
139,128,74,40.475539592839226,18.721241891110182,5.835726001076641,94.01281196387029,Sugarcane
123,38,48,14.173668362364612,53.35965943627994,5.2517434699061925,56.20671311609672,Rice
32,11,204,30.61161407571932,94.94293348947043,6.738632129455877,162.41375897047112,Maize
100,60,156,9.802281083018851,90.28954627233688,5.6530275019729235,62.967559419250634,Sugarcane
11,69,90,31.201449260108113,22.964048881452847,8.147565663657353,191.71481855297733,Sugarcane
66,51,23,18.444623445192924,77.97165696572154,6.763567970608951,63.380966478542675,Wheat
64,23,105,24.448758805993457,83.25644861262072,4.330478294376092,180.68818433238567,Cotton
73,130,150,20.815206411585446,37.45796773189075,8.300392474523822,250.15072926229848,Wheat
42,143,99,14.811935117368105,54.61685451251161,4.13506493492913,32.034605508363484,Rice
43,53,105,30.444931495266818,75.13166658343764,8.869914675707887,137.0155831197367,Maize
28,117,34,39.49274931889313,51.82585559197237,9.461102042151804,148.50992757700192,Maize
11,42,174,42.17613163142764,23.866695946865644,5.563649857183066,240.35537752995867,Rice
94,68,37,15.493653437756244,74.69412550922354,9.427312852882757,150.42092037044495,Maize
45,73,16,33.76457253739147,92.32743571031551,8.575252218384247,178.1452093707939,Wheat
129,140,122,31.91900995787774,70.1179412244077,9.403587910424129,240.39214377356018,Wheat
34,120,98,20.749547077195125,80.51472415236621,7.764128876293426,175.9807885822216,Rice
80,69,159,9.46465213750966,44.911669305875904,5.0081218522971,119.91472678249978,Maize
89,35,171,32.80473540648774,29.900089607352605,9.224948716230225,44.08990586180805,Sugarcane
7,136,141,41.7032211474706,69.28570280068767,4.67929648749276,223.33551969335034,Cotton
92,117,153,30.797780242664665,42.28999234059246,4.8635875265122275,262.6377471901278,Sugarcane
89,113,80,23.948186801729666,87.90830057742525,5.234803136898328,290.16896065271163,Wheat
114,73,33,27.075355515084667,24.709223883115165,5.447176393514142,278.07274681872747,Wheat
104,124,165,15.74708250656513,51.3478390671287,6.792669709638596,242.1214040282931,Wheat
134,92,194,34.918936898630065,48.199555360140664,8.066127106777882,199.27823874398615,Wheat
57,71,121,34.775410084342745,94.59121524957177,9.427732316164377,237.68035858466666,Cotton
113,79,19,13.864002053482388,27.32365241179741,4.0660005589472155,140.4488972867305,Rice
74,49,6,39.353647710988135,15.043872903529337,9.60796391826071,185.72622057628936,Wheat
119,8,184,18.167802933671023,34.60390273756998,9.396466989419606,117.24315688343525,Maize
20,111,121,42.982510920594194,84.4977268821737,3.845595469958649,111.12317452904053,Cotton
137,55,176,22.125024888496153,32.13887963522936,5.806055281226001,230.7873205027202,Wheat
100,54,186,14.990365243960587,34.843250059559864,8.704117697915754,146.52949331508123,Maize
98,10,22,21.0398598748287,25.332327548804685,7.414089891068167,79.24447947370543,Wheat
35,63,7,24.118275438662323,75.51288262079952,8.486201237643332,76.39939046842127,Rice
95,129,139,11.21191050173266,20.12822812631425,8.10181336825528,259.3076682249125,Cotton
36,34,175,28.921999666570475,42.5845515095543,6.679328724013847,208.82074558113138,Rice
11,126,170,29.59760890743773,38.41014087141666,3.763795494090877,172.16462221556364,Cotton
112,129,169,34.51477984616163,61.777188843016276,7.239316493212806,131.78125022778684,Wheat
12,41,190,9.815112251717867,76.79667391219134,3.8108265795794942,140.0964798560571,Wheat
22,128,165,27.63508986229729,59.86751045351126,7.363850992224838,36.18421454445286,Cotton
98,105,112,10.641178677819122,93.9889275979633,8.622629519959542,146.80149331672064,Maize
104,39,191,33.199818854839535,95.73863415264435,7.243947191692279,241.5751016261254,Maize
29,91,99,10.739333902394261,45.17757865232277,9.880939549194862,128.1766374105282,Wheat
16,138,126,40.52812912228882,80.84720824675831,6.417545601154772,126.95066258278868,Wheat
112,22,15,33.23247332758048,77.51527854608386,8.292495767065521,24.573925054267793,Rice
61,117,72,26.457163824963466,90.72706550910371,7.770165067148208,147.6155535699105,Wheat
83,33,127,24.164336530184887,52.58876996580017,9.845162825971762,27.251468815419177,Cotton
111,81,200,13.347407538381532,59.661552142850795,8.064601632493474,178.92824581483822,Maize
85,63,117,18.926778756850275,49.8318586739409,4.5497966813400925,161.23781509435798,Maize
18,130,102,39.03977685472719,87.07730198398478,9.615313321070342,253.97436525054889,Rice
99,113,97,40.27495784237479,33.88548842653492,7.773774249252873,182.1095440206282,Maize
139,26,26,8.826020251294482,34.74306800537751,3.879764677160895,110.2098329861725,Maize
75,72,198,29.475946423418783,46.132257376555735,7.70843715702152,163.8670899207272,Sugarcane
8,73,176,33.83166119407395,33.9403807111715,9.15196420271856,214.9282788052024,Cotton
27,53,131,30.332394989524698,62.278285880758716,7.19306791673616,46.350124262709535,Sugarcane
127,113,138,11.64245581734912,25.725802126664547,5.765725683404872,193.04491882132172,Maize
51,90,174,16.3768264782018,41.63995900292754,8.753821658051944,275.2970942744716,Rice
82,57,29,17.511841304872235,92.48221065935806,8.50807685251731,103.44796127417531,Rice
110,127,189,37.74401716941712,49.27062365243691,6.982765787080325,194.58976390410552,Maize
116,91,89,24.91934038355043,78.32362950349375,4.487915327333762,248.77598603247276,Wheat
68,135,59,25.74162177555504,23.92370982925339,5.106313507348361,162.6357204071691,Sugarcane
98,46,148,41.33427802009689,35.416278347750946,8.226297421991077,220.0137043178731,Maize
139,102,99,30.9705889321441,83.38951973687159,8.658925858527535,106.75417720156109,Rice
24,113,146,40.0736360140327,79.5884946400268,5.287297779462334,105.3760674490678,Rice
122,55,171,24.686508165885346,47.29356222349047,5.855104493995435,205.98863326653944,Sugarcane
52,89,160,14.000381796436638,95.99181450426875,3.996844065598689,216.51528962682056,Cotton
56,131,183,41.16175867377818,92.24210645702055,8.0661564695456,280.9697993742296,Maize
38,25,123,24.76293802523033,96.66917419891897,3.5228962854402006,82.77257534401231,Maize
108,48,181,15.120773481383,50.8722889490932,3.7978657358020356,150.5049569912818,Cotton
41,143,13,19.323371762576492,31.123486121863035,3.5278020338181753,89.91789958151098,Sugarcane
121,107,190,10.567930121175191,67.90464537012792,7.630045333360747,42.4896483729723,Sugarcane
132,72,177,25.0968605826822,72.88505966452732,6.171277617283498,132.41905592778582,Rice
74,133,154,38.48886038247623,24.950360927409562,5.404299272597314,124.30667197030698,Cotton
75,96,164,41.288599869032794,81.60159603915915,9.341286466285506,95.4618155910429,Sugarcane
8,28,201,41.2545568211268,15.747760833428616,4.733937885930283,102.85367820409961,Wheat
73,129,201,13.158004891880388,55.56982280676034,5.991955266440964,120.5026057075607,Maize
6,115,46,22.095475111384783,42.568093438712495,9.51799552593761,295.39351320270003,Rice
136,102,57,9.782360835844582,77.6439722333515,6.233482002157071,238.09714626869405,Cotton
26,143,191,38.55975400500725,41.00359434004963,7.0500395881411695,40.070954262486204,Rice
121,21,78,21.28470051834033,85.05736956533451,4.0141559460447205,262.9925870162491,Sugarcane
4,103,43,30.76287257064977,65.18751398851546,8.557064876118158,196.44831573675023,Sugarcane
28,86,126,33.678465645089645,82.23666110300958,6.205656173364725,268.0522434419273,Wheat
82,108,19,23.758594507061808,98.98649266285577,8.623296797430294,115.29780592834251,Maize
135,23,203,19.464193311948456,72.40387023022282,5.124304912358349,149.47560007710132,Cotton
108,89,161,42.28500927203487,98.6102421121929,6.203864003593024,269.61999004884655,Rice
64,12,127,42.36419023083012,16.671273217190148,8.533913192736065,96.05710372477756,Maize
85,32,115,18.872385607444762,43.17859701306239,9.732817709079296,274.9838938590991,Sugarcane
70,9,135,25.490953366707142,23.443024772989894,3.8816033560785206,250.7714698897501,Maize
44,105,87,42.65497672136878,36.679532619646466,8.699719535480988,293.08927495505634,Rice
131,122,14,8.969420586411513,86.09269295507887,5.424410032813506,110.44088646665385,Maize
35,68,96,23.16120304359439,16.97010383844594,7.0247569977028625,85.81010999533123,Sugarcane
69,95,33,12.295922728897702,58.77967759226614,5.356590495684786,112.28025744782614,Maize
18,121,39,26.518697201578572,62.80293023552437,7.426051024435138,285.879038223665,Cotton
107,102,10,9.658514418008954,62.29065326978663,5.7643381161214435,112.89429829153364,Maize
90,15,144,22.96006541239385,54.93295922665301,5.6351353022571615,177.49844949409936,Cotton
89,58,115,16.48032780252966,81.95467408076804,3.742805202789987,132.5439443438269,Maize
18,51,42,27.35913101356418,25.644642770625737,4.440546597784394,130.4680662092796,Sugarcane
38,144,81,43.46057898870434,40.81645023270247,9.369300472739065,74.01726712934106,Wheat
125,143,97,36.65865645841082,66.96772278025131,9.888975544788778,169.6692362039693,Wheat
125,9,151,38.22834478852987,73.41453208916381,8.495331685565482,256.5892041573737,Cotton
57,24,71,30.907221560096012,48.83552060329373,5.335600798550315,33.971679272042245,Cotton
60,50,140,10.246282719874598,89.21931726714388,6.075648886038993,267.67176101653024,Wheat
126,16,12,15.996559126336216,49.80778409683985,8.23282211139893,205.40112619771045,Sugarcane
104,74,126,40.992246564357515,48.71791471365215,9.698486764052468,191.83820782399548,Sugarcane
0,21,88,21.54073650392054,17.30296230946889,6.415015492667953,194.38803482274702,Maize
130,119,179,12.406558081531687,61.432812511888685,8.808943457845597,102.65189534612885,Cotton
91,52,136,33.24370673214383,74.93394786047027,9.740441104631788,135.73471542654448,Sugarcane
112,112,183,19.22112879291206,24.007350613393882,9.090228294758429,242.64240864314291,Rice
55,56,89,18.156220569065177,40.37558805373053,4.9537583793364925,105.46584257936941,Maize
116,100,199,43.52961545342745,81.15372093919044,3.5514039288039867,151.00662432408149,Maize
133,74,49,38.66323459092757,45.55929561494341,6.649322914485857,25.66366112718392,Wheat
57,106,140,22.99623607920087,34.90533099683142,6.900709322849708,224.3492896219515,Cotton
43,79,91,42.91309003201417,71.80759686753012,4.788002333127485,136.44651576965595,Sugarcane
60,86,20,31.423940174988633,31.062227246460886,5.321916108459633,166.40734526620392,Sugarcane
46,96,81,34.62238132541566,90.95745520827826,8.3969802294307,52.11803714673413,Maize
79,8,199,9.896653899260963,23.249782539440282,6.5102224557640564,296.19406987154366,Cotton
117,139,13,13.031863025312386,74.75131805563827,5.531066135041643,104.37679624988264,Cotton
19,113,64,30.831362402069093,57.01132370024236,7.484806575116284,196.91762282229212,Cotton
46,52,82,40.08603459620204,88.75296349742236,7.677662438247203,181.95807477299772,Wheat
48,77,81,30.506281667848327,25.014919300948478,8.424132971781134,238.6911603523248,Sugarcane
13,76,75,13.464066322300916,72.29559451511473,4.502939492882683,101.97482474959163,Cotton
0,120,19,12.828449609372097,63.22508257784439,8.245710414892738,230.57458011273113,Wheat
116,85,75,38.177669174678044,55.34372518997198,7.336341709506678,126.65023164983988,Rice
53,85,106,13.647721387035418,56.31360247617968,3.8684599379379017,134.62609679503896,Maize
117,117,173,26.904072225540084,76.07342562613408,8.475652020821832,207.41589612126813,Sugarcane
2,100,26,10.09154353468812,94.56445982791426,5.951713800532385,238.46673027537244,Sugarcane
11,76,156,11.607307905212974,22.020267186502423,5.614437979709681,205.7889848323516,Maize
73,67,117,32.19771971397169,15.871376900221582,6.367680970122461,270.63647057495166,Rice
15,42,176,32.783513082877576,83.24890071563915,5.715520494759226,99.55975791265175,Wheat
101,71,5,20.683135349973796,23.470116513100074,5.665027790143418,270.8416365439725,Maize
116,73,14,16.30321983045796,98.75991542409233,8.671697073284005,56.6193192700423,Wheat
7,17,114,37.11711742235431,67.27814493577235,4.296833627940431,203.7472877860436,Wheat
121,35,204,16.355192385552186,69.97925007327986,9.711840434287735,172.6056102791034,Wheat
91,118,188,27.662542024390014,31.24501894178809,7.051562523995797,157.85718221765853,Rice
89,26,117,42.49366766202911,34.794764992425,4.670713589896403,106.72681763234422,Rice
135,97,54,13.945264837610956,70.70632097560573,4.339779090762794,160.38882301928157,Wheat
59,71,16,41.54249410881587,92.16359001096069,7.285661005663888,65.22152508186292,Cotton
27,58,93,15.16467824678967,98.39087052215547,7.551196440620339,122.98201877410933,Sugarcane
100,142,192,28.547023639208387,31.171252126284728,3.839364934590789,47.662899335763086,Rice
40,46,158,21.91986837616431,25.694051666229015,5.055212250424229,179.34490872053274,Cotton
45,68,116,42.37951533226354,19.033596360099743,8.590956295817392,46.85220272935618,Cotton
34,130,82,18.319262609267405,88.6130544564258,3.817597617558563,64.8239143988076,Sugarcane
133,25,173,22.708098472584226,39.45706237559938,8.972567448998632,43.98541085396605,Wheat
81,39,168,43.003532101368634,14.355291302594866,7.712239849768535,126.3187510986633,Cotton
114,34,125,27.469169613358865,33.38120997503595,6.280308859924511,254.5170378646264,Cotton
46,61,27,26.29152802361962,43.37580056452016,5.717170233413862,272.5892657916943,Cotton
9,51,175,17.770691389498896,99.12751472586594,3.623193368632921,40.20683521518373,Wheat
55,23,138,33.207451898803356,59.067514593551905,8.781375652811796,196.79530420179077,Wheat
29,118,201,9.300178721866663,31.743985308900182,4.413419865398644,210.66446366397403,Rice
108,12,175,10.523039513639816,42.893932141942756,5.481068747917364,168.7481749788323,Rice
4,30,29,29.65767883232593,42.50736882362448,7.142284674321944,205.82188694697464,Cotton
118,117,22,20.690275168882202,15.890496471894139,5.074352640456027,85.23612610781342,Wheat
32,75,194,41.97540975259342,25.78518774249156,6.681698968014089,156.46798414923217,Wheat
117,34,145,40.23103603715294,73.7783365965652,8.679794103927694,128.98074878667109,Sugarcane
64,139,47,33.63697780194941,24.505509549111956,6.51144278265776,45.16572288564932,Cotton
10,71,82,37.27146622324749,33.97392750514438,9.573455002365414,194.29235717476868,Rice
84,69,32,32.02314836843573,44.25818647324927,8.924003970408588,158.01838812049132,Sugarcane
25,40,150,13.170257174313592,79.13788474384658,5.6314511063257235,96.78093168698891,Wheat
62,29,63,35.44090926518425,64.11176268918244,6.059757597337201,152.02660797025825,Rice
85,41,192,16.114680511415855,73.24729871352031,6.209291052944174,235.9654385200251,Cotton
58,5,67,20.055811357486846,62.79295628850876,7.507548498716894,243.30135538948417,Wheat
26,41,189,37.309350581164225,72.78387084151417,5.335492666806655,200.96312163094942,Cotton
97,140,96,27.471091172091995,14.443572569002438,9.703194488464057,150.37422203526557,Sugarcane
104,137,183,38.72593685358264,93.97797097263151,7.395579011862406,180.4311245904309,Sugarcane
98,132,60,16.213629130545595,23.70586378597092,6.056170615943255,127.34977784826826,Sugarcane
128,131,159,29.95068966351967,49.01554752522074,7.628062819146031,55.4206302552965,Maize
54,5,164,11.715925844679505,80.27798832998405,6.030592067390129,127.51821225254938,Cotton
5,39,115,31.178522575193032,51.499272533407634,8.733892358268282,167.79160601417922,Sugarcane
94,108,141,35.33618451458861,95.34440667790611,7.134182147531016,186.85550627725755,Sugarcane
132,27,72,29.15559511045951,54.272372886344314,3.768611221798829,280.633411636001,Cotton
101,13,50,18.0648562521586,89.18230706014894,4.6312439515101484,236.53189775202048,Sugarcane
2,38,71,9.890724876288562,83.68796931514662,9.035961427389022,62.499529850053705,Cotton
22,132,158,12.956821161957144,98.27052614984716,7.102558888683456,68.67490811150988,Wheat
52,8,140,30.45614367177611,93.6051448103586,9.582198249688993,48.16769149642355,Cotton
82,106,10,41.31782354611947,91.16921263489371,3.9635028023083825,225.63597468558143,Cotton
84,79,28,15.987397258225823,76.89849198251844,5.389668032550233,216.7138301042838,Maize
77,103,180,34.37890998885744,45.65174122088652,4.738677588733265,294.70479554224204,Wheat
109,76,98,38.95249700106665,23.29494837101214,7.044577870263912,165.47911713598822,Maize
0,7,177,26.926699809973385,73.21688097905822,5.949874118911421,250.19127469864384,Sugarcane
50,38,17,32.09044969535929,98.0706547706636,4.506550618088917,180.62321266028778,Cotton
3,49,201,37.16253302032995,76.47000027934118,7.6136122493411005,263.45833209638573,Wheat
112,65,29,17.871495489372656,93.79210694706767,6.9323095411019935,220.86015523795575,Maize
31,87,152,19.131969464527895,83.12891390028778,5.258312008296326,199.11462137206567,Cotton
33,127,122,8.821837578670275,28.178927657499372,6.570536689807218,177.4736393345829,Rice
91,106,86,42.31567575524352,35.55676313967332,8.272725216263613,221.4026969524799,Maize
94,20,115,40.7305623319528,43.49788207103343,4.813738717124215,136.98966441534222,Wheat
71,70,86,35.406975578828174,28.619920079766956,5.374596778891066,47.077262410386325,Maize
38,123,70,11.551845529987355,64.04751921007667,5.7151103174023365,31.328139644439098,Maize
117,128,49,24.373100561542884,97.79610991836533,8.279049198086604,153.5123045068331,Maize
2,106,118,12.345833038210039,79.45702202547879,8.920304637125806,186.98284733186534,Sugarcane
122,70,179,9.354025300745391,50.48424439508149,5.90888637722631,42.143685207805056,Rice
49,17,67,30.243167189398385,14.586034020010738,5.3983735157370765,100.04525766223806,Wheat
11,115,80,42.23686371439055,41.04775415454192,9.192459253450735,109.82156292297806,Wheat
53,38,118,40.21980721543882,59.34327095522285,9.895935566033145,176.82599744845632,Wheat
132,43,115,33.047067559752065,41.988299889113875,7.7902632938355145,97.70166751670821,Cotton
56,140,187,12.163092328937527,23.715692903144763,9.835875935930758,46.81900525643666,Wheat
111,124,151,18.340908510996044,52.14495680306436,7.723784177932224,66.0796310054249,Wheat
46,130,39,19.937974095608126,35.903766413961876,8.194145740850079,68.60967318644697,Rice
84,59,57,35.35762200954553,92.12121466275067,5.987398409878487,254.7220029771945,Cotton
65,31,30,36.71827143738197,22.92036309253705,6.270992300793942,99.32616888605853,Cotton
74,122,18,22.201693080049232,18.41238028170768,4.422468249532129,219.09870954847685,Maize
102,57,122,23.342363082292817,14.655424296571677,8.76560009449679,178.22952310622878,Sugarcane
37,43,49,10.348914566810762,42.31557196042087,9.458777797678081,292.1098851314558,Cotton
49,69,176,18.86195780097288,70.79515203381615,7.490004055642317,96.12654874936028,Cotton
97,17,197,24.50472416578187,76.79645862196963,5.6993427740505505,64.27521161327643,Rice
81,25,55,12.871010014206965,53.04452626581367,4.485704482395944,34.682130230396155,Wheat
29,57,175,24.57370763427474,72.84696534401635,5.196999870114015,87.25907401288038,Cotton
78,23,123,38.490518266571456,45.04463290365665,5.134626693451797,210.57692768940376,Cotton
90,61,155,29.029971486431855,71.43099305285307,7.426578458646867,43.92736391643831,Sugarcane
51,29,188,11.546758955336749,17.6790759404134,9.54823977832707,88.30052350514998,Rice
78,35,23,15.470161895293547,47.687530777392254,3.8089400765310812,258.2323188656106,Sugarcane
29,85,86,25.314143385517756,81.97581737316345,3.506542717404467,182.43580580814597,Cotton
105,27,80,21.37975281379906,83.01761681033642,7.341164443611683,39.54784465246429,Cotton
50,36,187,21.283700280204236,75.57395034964703,5.317986957310177,33.47021904470912,Rice
80,78,96,27.21850719539694,31.70324978283738,9.135509390969325,37.21049620316092,Maize
132,14,192,29.136978071313116,35.385478692355264,5.594401970597229,282.32382645598045,Maize
28,58,191,36.53078264561145,99.5648039265687,5.3543206433848916,256.7192185685415,Cotton
131,56,37,20.665636408494464,23.05949521720796,5.224867975797102,255.346813693825,Cotton
137,118,151,36.83022664981242,29.682793295936484,4.427058094516762,277.4095249323788,Sugarcane
73,18,32,20.583670773119614,25.343250109216363,7.221795035373508,160.81257510682832,Sugarcane
16,114,127,10.729068015154938,42.280030387685855,4.576567054938944,89.03602197919264,Sugarcane
83,57,184,28.08573025496673,32.212069079547234,6.217639422657862,131.8951495795796,Wheat
68,83,130,29.259000906339544,56.851858133244065,6.450221134436153,220.25987148356455,Cotton
33,26,181,41.32200054764073,54.99497457962627,3.6311491000190363,263.9999481443681,Wheat
5,34,41,34.066934146974106,91.45903158697668,3.607566590855312,141.28580490047761,Maize
52,8,158,40.73848830680649,17.17721349601777,6.829361208043707,169.19651988282763,Cotton
125,63,103,40.41048291645673,41.613679720427314,7.954622286266447,279.5152070287813,Cotton
42,12,102,29.839179036986827,65.33358134415063,9.52971188659459,50.11687070755411,Rice
114,16,131,27.166119873708375,66.0315109900277,4.646363418604513,260.1778720838987,Cotton
110,123,172,28.198945657293276,55.346817826517736,4.160856380390928,64.53527231071376,Maize
79,38,84,42.84591210716822,84.10253684781411,3.833362604333766,154.8586137858796,Cotton
94,86,42,35.706235672794165,19.57529009021912,6.290666130642881,80.98715670692948,Wheat
117,102,81,12.498053486775376,84.08730151021766,7.488143150950124,188.00032562119515,Cotton
7,131,130,35.88930855599271,56.6004384053398,8.87954148320809,175.65098326141043,Wheat
131,79,91,14.734724101658262,25.663291568099083,7.868927246676041,125.95604946820126,Sugarcane
103,109,58,24.367799105395772,90.10465399041894,4.833509050079087,260.4573681813981,Sugarcane
131,53,154,16.123996591743392,69.83890640666057,6.455330344936186,203.82604703616704,Rice
24,83,20,32.79749068055639,28.215865360828737,9.326216616375394,220.91138627690893,Cotton
95,97,32,39.330378819517634,17.08378129529658,5.5911427998551755,62.12860514319415,Sugarcane
92,22,167,18.904593610760497,26.293096862108044,6.691874336588361,265.9850081806144,Sugarcane
60,100,192,11.65397379404493,66.37398518745972,9.63481814171966,66.68727753545112,Rice
121,42,177,19.187559813008722,29.565687361786154,8.202131235671665,82.20105553963192,Rice
50,91,50,32.19819265604036,33.54789551678991,8.285538468106829,55.83774504368182,Cotton
20,92,76,20.24085243889486,16.354474497316126,5.114937628244657,142.75196757772136,Wheat
4,54,187,18.47830343087236,76.15515861084833,6.1540679571528205,267.24947919666783,Cotton
91,12,89,15.218344632332421,83.64822905938377,4.026989843819019,90.45614470742392,Wheat
60,138,30,26.113571655230288,82.48988874937096,7.381765549123416,124.2155769037079,Rice
21,73,89,18.403019219870128,25.13259057191916,4.1638730530719625,255.66028470698993,Maize
69,125,157,34.23916015005401,91.61290661721668,8.84982132611811,192.13799235689885,Cotton
0,68,69,11.466459589328656,71.81429568592866,8.713144236927981,229.37484235175884,Maize
132,143,138,31.90834955227385,91.11820293769729,6.915072647182781,79.75621375807076,Wheat
11,125,155,17.06708850695839,52.52165523827787,4.40346261246099,219.59912896545575,Cotton
89,69,119,25.826918284595788,51.6470315948729,3.6637054924490764,83.54402403600528,Maize
45,111,68,18.755929286687866,81.43477965129553,8.598935472272464,294.969481249227,Maize
33,141,91,33.95234992517568,22.19562621435692,7.340899092565932,176.01631725007098,Cotton
77,104,175,41.69668500075696,58.838904939609705,8.049949675186454,213.796405513405,Maize
44,86,111,40.7142719255495,85.87812899359605,5.444365604712752,53.15116086658023,Cotton
72,55,155,29.103232287014368,85.34750265506227,6.760689522201053,89.9575592455688,Maize
25,87,100,24.89883855334285,96.14058578854103,8.281914691453764,59.089825556759806,Rice
46,116,162,37.276857728490484,74.04196126556783,6.460405173208317,128.78451006012054,Cotton
120,60,81,32.579757419445,32.00594294298472,7.348859025719879,99.27501100836241,Rice
55,64,150,15.188031174749263,15.938022986465576,8.554260875570959,224.17226485518742,Sugarcane
93,124,91,37.36798863373241,55.28593394234264,4.877412129704824,50.453709030514474,Rice
106,142,153,23.725176750935915,58.224421283853005,3.921944891887887,229.49812223973748,Maize
62,27,61,15.376700966996893,34.790503491558425,6.903670469189153,32.9196526969189,Wheat
47,17,107,18.606547793797937,24.886571218492794,3.897604932608613,76.4215641268218,Rice
60,105,155,18.109940652642315,64.43803984252662,8.40596668394722,240.60385726374898,Rice
80,28,95,26.86840271620041,79.69671126386892,8.102953264856247,226.91473922032714,Rice
25,112,49,16.956079155590068,99.31330667767676,9.142961097377901,152.76155750361966,Wheat
35,15,176,13.10011376157485,79.18653429494144,7.593197427417348,34.11018960608267,Wheat
0,21,92,13.104441601358873,82.21429790170329,3.9300644528151922,189.933428306566,Rice
7,29,119,29.098011660440562,67.03069726420794,5.120173603133551,133.39131813599158,Sugarcane
112,98,51,34.36962325195837,98.69357187373052,8.670763805201403,108.28978420009499,Wheat
98,25,172,19.98934870757426,69.04426220431868,4.569647470806961,198.42628022882445,Wheat
46,88,183,10.005844701527796,87.92370664445467,7.97027499401528,141.70983266074043,Wheat
126,144,174,13.227426065407974,95.25374418284991,8.49365971789106,45.92079225611961,Cotton
55,41,139,40.63137069972959,93.88887349289809,5.612715506273544,275.10901594358546,Rice
13,46,54,25.975319353712965,46.88729496223365,5.562703829778615,236.85462957787536,Sugarcane
27,105,180,24.584333774608083,20.941338397531965,7.06993715973854,35.890050636160744,Wheat
77,52,88,10.124111405191165,28.929576307613452,9.012232529630488,166.32527507407056,Cotton
129,107,95,34.15656837662809,19.27543727248926,4.932999692246275,43.40397575468826,Maize
108,32,138,27.176769216436345,23.2325173148573,9.524052454671377,253.21776777597637,Maize
13,45,95,15.832416575810925,30.024611773089887,7.334359582848693,190.80178536076374,Wheat
55,103,141,12.63056685430079,43.431782931540326,9.849609416654568,68.19259387338495,Sugarcane
114,51,113,22.141897654393546,60.781347711484,4.073527833570065,25.972315702965673,Sugarcane
6,109,61,37.93323635398689,75.19115248673087,4.309997673643258,28.988995680348857,Rice
2,128,35,38.91225066019565,32.27647270432807,8.790507543766289,161.39981087564212,Wheat
110,17,25,29.779054037768148,71.83517004320855,9.034437731864635,224.57613911574614,Maize
106,104,94,34.11826766760896,74.55500268485737,6.350935605573977,53.829897606240834,Rice
17,35,44,12.807421401619889,62.07393426943244,8.070055527310945,81.78335554413268,Sugarcane
37,134,116,29.266787078281347,91.6400514417495,9.052366639651446,111.27644274068084,Rice
114,20,49,32.010406481353925,23.712255553099173,3.7760178446005037,80.89076844761888,Maize
14,141,81,15.78480693339997,29.37930891652735,7.173282707156855,129.10896539583626,Sugarcane
118,77,181,39.42938470527701,50.93657545017885,8.962276265769534,175.9408561044207,Cotton
27,58,91,15.585886465731488,25.05928140957427,6.04819164534256,210.81789703555634,Cotton
38,104,152,19.709012122656475,62.73157951715429,5.435255079119532,288.4186332082717,Wheat
16,113,105,30.39537827641636,48.34291998842767,8.59252278460696,279.25379327283304,Rice
85,91,121,31.01458226654943,38.589859591728214,5.649034134418152,178.8663370948869,Sugarcane
125,141,96,33.138588986360375,28.768126975611516,3.5203155083808206,224.5139607118035,Wheat
43,12,149,12.698007614773559,42.93848702644162,9.64126456082602,284.82773454725657,Rice
24,11,32,38.361362161513725,66.3021163663317,7.289588712646518,43.43024216587297,Maize
12,40,173,27.343080203457443,63.54479257322258,8.744914679744456,21.76815366943573,Sugarcane
24,22,198,25.201998434856378,28.22257681801704,8.781929998993373,28.49327424594302,Rice
67,7,29,42.942197333070126,24.905627780472283,3.92502669038549,176.98012754839584,Sugarcane
137,32,62,34.56516473354749,16.486198555580376,4.593505276073374,232.49654226169525,Rice
66,74,45,12.906609726354246,15.264873388139995,5.491172356861743,122.35695879234314,Maize
108,32,138,35.12756301947317,89.59975434117703,5.5524754242644665,171.94006232669625,Sugarcane
110,58,79,12.114662902255859,18.064114959661914,7.7162311531578425,163.9047464520578,Cotton
110,69,42,9.755975575451874,76.8656491161372,7.488050692817183,46.574739130059044,Maize
33,104,138,22.84618115539242,88.92912274819282,6.665374579262808,109.69801393355283,Rice
110,25,177,43.37652041410881,22.603557621802615,4.852087886776115,25.60880368723464,Sugarcane
7,17,79,14.88596097958122,51.591032022489614,5.944694206017942,51.00939319485198,Maize
112,61,146,32.20802315473229,96.66936565803552,6.979001398177084,246.14014343579117,Rice
82,53,70,14.834183103972954,85.68568320687125,6.4951063430652285,251.02577628420715,Cotton
41,122,172,34.02258672855183,56.16763553021818,4.314672211808501,243.3816608685429,Cotton
100,58,7,26.386307654676347,79.55234436623608,7.656867158412313,222.47362777700744,Rice
5,142,121,32.46301551111029,85.6204624137936,3.9675313715882274,240.97896515309264,Cotton
25,57,103,15.859986521815365,44.025910745273244,5.920445971718914,206.93438557530698,Maize
63,48,156,34.747865971713466,90.65750497575566,8.044187825121465,206.61461819257312,Cotton
58,51,23,43.447543274870185,54.51956349633234,3.628150620926122,205.92678824197017,Wheat
108,57,150,31.964637421783397,59.43309105699173,7.147890041890023,163.2581083674442,Cotton
120,78,196,25.97310393293614,99.87494456133092,5.640934234517102,121.31953507326621,Wheat
32,50,120,40.926454803950406,86.47106419924023,3.5565237979055007,223.41334257276074,Sugarcane
20,17,129,9.351644109669296,45.20368949474439,4.7184529347902195,103.3131855811902,Maize
69,106,92,34.20133847114657,15.086617617710385,9.522055636932189,171.28966319022143,Sugarcane
111,28,39,39.72837878512068,67.86311812413678,6.835352995232579,140.80286910663636,Sugarcane
3,6,194,10.94627551000932,74.52538061917885,9.882254109626444,97.18397971517703,Cotton
93,85,5,24.462233130468384,69.97379054528764,6.858827202334344,291.4562048619205,Cotton
74,104,157,15.924236997459962,97.14580349468737,6.981193038657716,92.21058285966637,Cotton
61,142,177,28.514832162456486,88.15661704236477,6.007795282770255,106.27625963411926,Sugarcane
93,135,181,31.404094959407384,52.664876105581584,5.4842586798810515,65.1698017392704,Maize
94,115,130,19.331286765920673,19.586886676383045,5.109891540050847,249.23550802496703,Maize
54,106,93,24.807362104797907,54.99823654632114,5.697891943236312,183.4478301743144,Wheat
136,21,148,18.52101408762427,73.26821251074539,6.443046917762766,190.80882507626492,Rice
130,16,151,21.65481252303796,66.2807305650543,4.728748481477057,248.56224090368892,Maize
30,120,155,14.35199049275714,60.318346702822836,4.939200587556454,115.63454099669543,Cotton
39,28,29,39.617468636779975,54.37778470190618,5.23788651947801,74.0881822833135,Wheat
35,33,20,9.148362287457948,39.37539251844701,6.37526330835737,75.41621279950347,Cotton
5,126,186,39.507839688243834,37.96861747980073,7.678005547611156,224.08809631294676,Sugarcane
65,94,77,28.6944249665709,57.06983774394122,8.979335361832238,191.10824748689913,Sugarcane
74,69,133,20.34169297736021,27.96368964902092,5.337643757997717,77.62410990939534,Cotton
3,88,46,33.96238796601948,43.3967408003605,4.675861378185199,60.57169932842987,Maize
78,123,151,26.46977488482072,41.96502384265553,5.9246237750435515,53.78727702657703,Rice
133,20,166,26.168981302144704,64.51728109576602,9.224051688779877,194.9163636557554,Cotton
117,108,84,12.632951445580032,19.914673141111205,3.5631086613576928,20.233018878689556,Maize
112,96,108,22.35515770290022,85.30260589871865,7.838359142769571,25.29827304656622,Wheat
93,31,187,17.189039235814434,62.395827198943266,6.553824297034122,128.6126376447423,Cotton
61,138,150,9.346217514750533,71.68984654249766,4.530695775748352,212.602667228056,Wheat
78,139,38,21.33146715121754,74.45514755218339,5.554537768156587,213.6294584792275,Maize
135,37,93,11.925810104011045,39.18019052740537,4.9396802808130165,139.9019155450203,Maize
25,59,129,17.737685312836447,54.510843324883055,9.118125874496783,212.5257847180517,Maize
43,11,49,12.019578417171687,96.15027841803048,6.583989657247938,165.2210667771489,Maize
132,61,138,12.31276856936268,79.90663889632704,7.1038033783839545,292.08001329469283,Sugarcane
69,130,25,15.725593045648552,97.29102420662699,7.299600763756932,65.41267751079064,Maize
117,16,126,43.59475370812673,78.15399737903691,7.5935495974550795,187.36570060247004,Sugarcane
67,20,74,8.876008171432257,29.248931973019943,6.671556418405952,156.9117513471643,Rice
18,47,100,31.025807736990103,19.730725245488753,3.614390597352421,74.31998371823636,Sugarcane
19,121,109,13.715280691324196,63.70558512687518,5.642225196253772,228.92233726503608,Wheat
112,139,52,40.83785915753499,44.86459807051364,4.676788740614343,96.87388194707428,Rice
139,115,43,12.058424688010298,37.80674289884119,7.8529141946347325,126.42984265373263,Wheat
46,55,35,42.036198911993026,83.37798239365829,3.8629097687682985,124.51534751620962,Cotton
0,79,14,30.060238284425033,45.651322988922885,7.108341703114523,88.16210488820616,Cotton
89,12,34,8.844129076659062,41.366983106229846,4.848043022555526,140.06529381166615,Sugarcane
63,49,22,39.91145048750485,87.0439367345842,9.572613366189191,151.93215866215618,Wheat
37,63,192,26.955570687568756,86.72682473688964,5.647462029993827,227.3168915428303,Cotton
36,136,92,17.940906789500865,44.740620855608356,5.581415624797659,233.11858424912944,Cotton
125,108,129,35.50131537754393,85.54513867449731,9.409661875140632,64.32612597556955,Cotton
138,102,77,41.04796127526308,87.111716621509,6.171026689946505,185.16853090285215,Rice
99,83,19,25.632440645508428,50.5308468520424,9.66231893878875,269.6118472611558,Rice
76,128,8,19.781260910620258,19.896747258926002,3.6546902536544223,50.47531325257327,Maize
2,8,195,36.25529031293545,14.335804030765345,5.460605281293736,151.81197859385074,Wheat
133,94,172,32.52613532303822,59.04616406958688,7.763634945705159,229.0232739662418,Cotton
9,108,13,39.72858643450948,43.68726978183948,9.201484572976888,190.37803835860612,Wheat
4,141,113,32.89948764408952,99.65420332937197,5.140995795253017,48.19298823084043,Maize
137,123,141,17.27478619370386,80.39562266805827,9.455056588567476,130.5754846851756,Sugarcane
129,137,158,41.22174189161386,79.44130660923035,7.302377385594804,161.36475235375323,Maize
12,60,136,12.448284002768498,96.06430524222536,8.626452756466662,297.3438309576388,Cotton
129,100,20,18.124407703718305,90.2779808994576,6.042126747564142,69.90658116477258,Sugarcane
83,79,147,26.902772348791217,41.46866698941251,4.857954448427989,293.6085344006593,Sugarcane
64,36,103,28.487822507267367,28.425104891452204,9.331906658865236,124.88248495105424,Maize
62,32,125,9.33280841461631,78.12296711611182,9.472069557799799,75.94919127434449,Cotton
100,26,56,35.96393085856871,46.61807268862222,6.684480922586467,135.4465575551081,Sugarcane
72,21,73,21.383934681203556,54.750896244772974,3.5415681023952414,191.0748430188896,Maize
16,63,9,22.943365226874395,68.22508557025267,4.202610903490589,79.61632472543015,Maize
8,94,24,36.96606014640571,92.00468841335012,7.167378945483019,101.30749688298216,Cotton
37,110,83,21.99906203211855,50.11582048960179,3.652170894732072,258.0202914329312,Maize
93,30,150,10.443425702017468,81.33025749179927,6.04023631351485,298.22433318244595,Maize
94,29,115,14.940104012368192,37.19672011223814,5.441567651660881,108.74746004401207,Maize
48,142,6,42.06543039910875,74.01618248215368,8.07182896257411,61.62684853926838,Wheat
68,49,97,11.250106611607492,14.335356386377047,3.855703506866786,240.93943920434177,Rice
61,87,17,21.151605793686965,88.8881681961474,6.6278801214546395,187.30681776867291,Wheat
77,15,8,26.31063501338679,16.803530002097435,7.206331327203874,48.1416382014298,Maize
116,108,174,25.96617279138189,75.28299678315346,7.450662886736753,283.68650328364464,Rice
119,72,113,8.937806016822568,18.16432681969203,6.0930091009084215,41.921183753689945,Sugarcane
136,99,78,26.240463054720664,37.0172564380661,5.447953813949126,194.23668657464233,Wheat
75,69,193,22.15528153761384,56.810245984796595,7.867955415917752,138.1817383151837,Wheat
34,53,99,42.628360874514584,50.18874533434402,8.924441907855968,175.10843644617415,Wheat
0,56,109,14.338736122985278,30.640355021306608,7.939152881810425,79.5375106522182,Cotton
39,106,12,21.124566047230424,42.80793793348164,9.465455138926218,211.70112411145635,Maize
63,61,71,23.397955681125726,76.56443591422487,8.090486562290735,287.28998948580846,Sugarcane
59,51,195,22.396135091113017,71.55533283407586,8.393559897687158,147.77992074670001,Sugarcane
63,30,114,31.970912802284815,20.354509828567576,4.574580458253369,165.73928864723763,Sugarcane
92,118,13,16.299847442662355,78.24496625159637,6.185053724970956,86.93958791931968,Maize
71,9,121,16.493290037926915,18.74603201858533,6.604354118118177,268.4068598779259,Rice
10,88,15,34.176541007829684,60.72879154585152,5.140276238685489,290.47783695045035,Wheat
104,56,103,26.21011005000065,36.48737750721574,6.882655106280243,239.0264231194489,Maize
13,109,46,23.2474175267944,64.56504393187647,5.361068443019824,171.25386565107345,Wheat
59,58,145,14.688266198368364,36.59584353213529,7.900013393948263,286.4765562607519,Maize
29,19,168,15.325947357343399,98.61089799693373,6.509846250900326,63.01647040871313,Wheat
34,65,124,9.167196961193339,40.743705345449484,6.436364507321828,153.3640063088393,Maize
4,126,145,11.981634156387482,34.93602647730431,9.795312198609995,169.81566818196075,Rice
82,25,16,28.177986575220388,38.06447543144515,6.011647030672451,157.10033961708646,Sugarcane
122,50,41,39.83718492429266,91.02772386712162,5.818690768573237,243.5130093218331,Wheat
77,138,78,18.7933338265434,68.72395361696285,5.5390679762089885,206.77312456985413,Maize
61,42,77,20.20560346118526,76.81962714896055,9.226395014245108,55.44905106505223,Rice
131,66,56,12.823075249280624,92.87350071508584,6.679032487028341,116.61739883357372,Rice
88,90,203,22.324356907127175,92.34747195121714,7.3400926558760675,114.56508690607048,Sugarcane
41,82,134,10.095315319012656,77.52765905179695,4.657238265615328,177.61543925427205,Maize
88,50,60,40.73250422991413,31.15355355170137,6.962031104031532,101.31287763419272,Wheat
39,7,64,32.2242749147336,86.47709358184798,5.257748434358325,52.83673346685332,Cotton
71,10,27,43.27805856688401,31.66360613017416,8.176076296082417,202.11988585238078,Rice
38,97,107,39.522246061211575,77.86642836823562,8.828181432271247,257.04357999429675,Rice
103,12,44,25.260072660695712,72.95618280289574,8.074788429640176,279.46653296816663,Sugarcane
13,112,68,26.885039084033114,79.23677445703628,8.173562664129648,290.8685736346321,Maize
31,79,89,15.432046418798347,59.851162837174,6.77983810636491,237.5848182999686,Cotton
124,81,155,24.878969130816536,68.93883381875813,8.057555560538466,59.07918579363637,Cotton
96,54,161,40.22536999754985,95.89953089321568,6.205196387252226,257.62102068508045,Cotton
22,15,183,10.569699142526575,22.863292520730216,7.669530582589523,131.5088884223425,Maize
62,99,201,38.85177674434118,40.66821144878483,5.157850944771294,223.3343186284148,Wheat
52,74,93,20.66498349716282,66.59329602253138,3.946444878796865,168.0518857806006,Rice
103,20,35,40.10304422535158,96.81943895226864,6.146228890380598,250.80108699445648,Maize
103,72,182,41.54262074068366,22.390730164684918,6.4553801969951365,138.61824544928535,Cotton
38,103,24,32.14609806766633,16.132468285128407,5.141005812407616,37.39721752894778,Rice
133,52,187,31.921947773425188,18.97774058890711,8.157340917806321,175.16403873859164,Rice
66,68,134,24.55585095226415,18.69116732972474,3.970723065448187,67.87016136401344,Cotton
134,94,157,37.876799814121014,91.99981901152356,4.925589276026807,288.9035570838184,Cotton
41,80,17,42.26412399347825,76.01180270992877,8.290814198103213,166.8538212192343,Rice
14,143,126,35.772846651801345,72.22801558302105,6.29759535193608,174.2554123249096,Sugarcane
110,105,107,30.44339833473348,58.98449069643708,8.013815193851599,272.6920478763638,Rice
32,93,110,29.91639277458252,81.21333927451343,7.131909617815016,194.02207372557197,Wheat
37,22,123,38.361552575111446,27.53903297966833,9.58456159998312,104.4495856718955,Wheat
96,23,74,27.633891048841182,47.78935996486908,7.3258933294261315,102.60313188699119,Sugarcane
32,59,199,36.774324041459025,56.193364290504235,3.595161435811326,159.78933826896676,Maize
85,106,190,26.50920688006375,23.66209395089544,5.758415043227737,261.37707011098496,Rice
65,122,103,10.97306076909256,50.1523248902252,4.415588366110129,241.37317552690632,Wheat
9,138,86,22.161355909864604,41.32420248280657,9.4176555366253,288.1307050996199,Rice
4,8,79,24.266545326968156,17.249389894499746,4.165679707424514,40.20590798976827,Sugarcane
122,112,122,13.72828012553428,25.91822401389546,5.9813226440389595,94.87514499277545,Cotton
73,119,88,12.366872255784607,79.67795574545234,4.94703483921083,42.521805084559944,Sugarcane
96,33,196,27.434180248062003,15.745848844548028,8.919020738539093,229.225339663048,Sugarcane
117,63,73,11.76299855215166,94.26550773255815,5.474825584569069,59.39401569055177,Sugarcane
37,129,63,19.342491842574923,21.606591000728244,9.848118292112929,47.99836229873395,Wheat
46,102,192,34.711974763515045,82.69470467323637,3.7471462759184058,176.51337523580688,Sugarcane
108,21,130,42.36223984896573,91.21143755885545,4.320971343760421,134.7161953827618,Cotton
14,111,115,33.78189620320711,94.85531962168332,4.937688169146298,219.21270257759457,Cotton
135,47,66,43.34336908615988,88.54278091360486,8.691078657281022,155.73638351018596,Cotton
4,84,148,33.102161400523215,38.84303837876048,9.122510138009702,138.570618050228,Maize
46,12,132,19.0240475787706,42.74556715570748,3.957288835900303,138.616774886282,Sugarcane
67,110,109,32.18742840958659,50.75496637088351,3.707744907278569,262.84319666500124,Cotton
75,12,72,33.23505542885225,26.137726282188538,8.265163885469308,130.1912985960624,Maize
129,100,19,21.736099064652826,16.108749399261086,4.353452843223126,112.98442065828901,Sugarcane
94,98,187,9.416442001206738,88.68372234388467,4.351190957277691,114.41431193542559,Sugarcane
114,69,39,33.271352510186944,61.688830979236116,3.6431458207643472,74.91400175358397,Rice
35,43,187,9.55516331558885,66.36755614467315,3.8187704165339,259.7297071147413,Sugarcane
25,85,18,30.765345116490476,93.64291229188507,5.18752293501113,61.00735582217595,Rice
42,88,181,14.493853808240917,71.20079926433687,3.9160351322291604,273.06636832963017,Wheat
26,92,106,28.48300276563191,73.40614532192201,5.860826186619364,99.08906700783304,Wheat
68,90,104,26.33617328324488,81.6432131710288,8.829760199855034,270.51048461098156,Maize
10,97,11,9.270274752255155,24.171062152779506,5.588449646858193,240.2853887914968,Rice
73,90,34,21.4277304314296,45.06589653042194,8.158138640507978,182.16712708048482,Wheat
103,48,53,29.717972625391333,97.1754194041785,4.101023774918593,206.51350209054613,Wheat
37,141,148,38.331508006077534,93.295107693222,7.720001199484755,110.88241047657739,Wheat
133,78,115,39.7247455615108,89.96525289378285,5.527181972847584,180.00782336738843,Sugarcane
22,40,183,25.637978957156168,52.943985336049934,8.298418423661044,101.5757272722398,Rice
46,105,76,34.149102558020445,87.66143612238925,4.372012889960844,132.1525241057155,Wheat
89,108,84,19.812619263364326,18.347527082752112,9.246453617692683,233.00558912029882,Rice
45,70,87,20.70808692040128,26.927943258834965,5.052494098546794,88.08643250838318,Cotton
106,59,46,15.567330467544519,49.67703176008344,5.7600818769995294,253.65084620758674,Cotton
139,95,21,28.355794227764726,55.626700114658234,9.581156549235466,124.80819817496854,Sugarcane
103,26,195,19.746832452272308,36.78256305673743,7.202287102277497,168.30290010627516,Cotton
110,105,177,11.736107196059976,44.75005069165539,5.840937721363341,282.34760368874765,Maize
103,125,11,32.63821181587862,28.149911857874102,9.577453741015244,209.79344188100725,Rice
59,97,159,33.429811624667856,56.11878651805324,5.606095468096205,199.8716246046598,Wheat
99,112,14,21.327736173511212,82.23237019877571,4.107172561121151,218.24043059247958,Maize
67,14,38,11.469974301069595,70.8785857367739,9.879832882300288,275.71038557706424,Maize
132,13,40,23.63516056563922,23.437795599226888,5.214207491577048,89.36136527634648,Cotton
119,38,157,24.1932739401475,55.98574341109857,8.948050231677488,190.86502757395587,Rice
36,133,10,32.06974679444667,73.98829500422242,4.559461086867758,131.62960967497042,Wheat
71,93,156,19.776490415802186,59.612026914672754,8.18066541937522,23.49932810041088,Maize
126,97,150,32.554454936389426,47.76659862309654,6.856476124622413,55.071239469820185,Sugarcane
105,75,138,39.127801253157116,67.49806590402837,9.77780197305683,110.64524445185666,Wheat
91,71,33,17.064514274204555,97.21233361623362,7.038114278991356,177.43949197992714,Cotton
30,121,130,42.86640055297251,22.33360786695288,3.6600969721014662,265.5144303545724,Rice
121,98,157,22.24561117236088,47.62437640606595,7.364819133594162,240.3670590954606,Sugarcane
136,103,187,18.10060224311775,49.04612160605039,4.430025320554407,174.192761035257,Wheat
50,117,85,23.46858915135811,63.6460985071394,8.610661857805358,40.75813730364824,Wheat
28,107,178,12.085032161454299,27.241363381280365,8.982036457535354,99.76772061692256,Maize
39,95,156,13.174565546621626,29.33830765989924,6.585398520286171,122.25501670841147,Wheat
40,94,79,23.222304834497933,38.655470780016145,8.512617325134713,193.22389264222937,Rice
10,21,30,35.33306936348068,96.11806270811213,4.428708707082273,38.26824427528978,Rice
0,22,131,40.13086593719228,77.11310541148835,6.649300393828135,167.75286621748174,Wheat
45,120,119,31.935666076926225,70.90711595496182,6.021243294019742,271.077591541072,Maize
100,97,130,12.461640522288306,84.21327380968827,7.412431277139721,216.52191921258722,Sugarcane
89,95,32,32.186287723882614,25.133303386160584,3.784654008340224,242.0264752664151,Sugarcane
109,86,135,30.91289164046342,87.84482265032553,8.313586164791214,209.91033293833013,Maize
56,72,79,36.84058435660793,65.1771635801591,4.0064274526379755,77.69374991763242,Cotton
0,118,170,37.51865359949589,42.937695939230764,7.701417712193055,50.94764712437299,Rice
62,5,193,39.01346703710847,84.11879541740568,3.618126243455643,251.04725429726616,Cotton
54,62,82,23.211776707352623,82.97978059367709,8.824083608043068,213.75888454312155,Maize
114,113,183,33.08568095825462,86.67722545312353,4.6180776334322005,180.23963181859529,Cotton
52,120,94,18.135112490496414,24.09988403916837,6.799183846252739,72.87742132066286,Maize
136,91,180,43.576902543425945,97.274258696138,5.173554583856764,188.11090384626098,Sugarcane
56,14,25,14.901631599914726,96.43996137977996,8.124942093190839,28.916852827327066,Sugarcane
116,63,58,9.151982221797088,44.83514861949925,5.556647041214216,53.27293110183891,Cotton
34,45,188,13.978543265232526,19.847117360761512,8.13749883896523,106.99902869057135,Cotton
62,109,107,35.80035567613561,28.516670873474936,5.32317572374705,143.69236260352704,Rice
24,137,63,24.34807194248576,99.28560174061055,8.315827781988865,53.75309918726269,Sugarcane
89,126,76,24.373008623802903,62.45020922981152,3.695875176556187,53.57935316755221,Rice
74,26,183,42.034797602486066,44.76248815939266,5.31319254639263,222.21620574042575,Cotton
37,102,24,40.803294799376985,38.89897086294833,6.691254441217785,178.75291083826906,Maize
129,72,116,19.62957687557952,36.224191716148205,3.788381324286243,168.74039325042415,Sugarcane
134,143,63,16.075222881574142,71.11789196516911,4.6906179927761835,146.11251999121416,Maize
90,60,75,38.327180905694135,50.14153716123708,9.481036682503701,291.9719464956921,Rice
16,103,141,40.329463672343834,96.93569693589002,9.751739297153211,34.059418729505055,Rice
127,80,113,27.647572913387343,72.80534772630747,8.234399663299108,70.468543125767,Wheat
107,30,133,30.703945146875096,82.07822145289597,5.114080323948242,200.40140888476435,Sugarcane
24,119,161,17.74061710729181,39.287950713576805,5.167311650790202,58.15056146680047,Sugarcane
87,113,195,36.66793354165266,20.986275260609233,7.633058289888466,184.22471504795305,Rice
28,51,204,30.797860510026002,56.006417163627205,4.252637546231691,178.20794905138456,Maize
62,75,60,26.32227019317028,41.15963853901168,9.569180034754346,290.43074260691236,Sugarcane
113,44,200,10.891777751528174,31.518527241179058,4.938802556865181,266.0464593457429,Rice
48,137,39,40.67453669538814,95.84143060963382,9.897668002722842,283.34749557048207,Wheat
80,136,127,30.21770942937733,52.249789969112,6.672696289935747,51.81553942460853,Cotton
83,27,135,15.505650095315286,29.17252633858093,8.437151929554794,261.80571008784074,Sugarcane
104,110,108,29.902236871010235,31.224360934773625,3.513978204835566,56.125931158987555,Cotton
117,88,11,32.375724727551074,38.25682492921571,9.187976990410508,196.34502528879213,Maize
85,120,31,27.096807716576247,99.84140418385839,5.228013086595714,220.597752116688,Wheat
62,113,5,33.78994048086958,37.16858559452949,7.774795165107618,64.96552853494626,Sugarcane
103,140,203,29.034597387916122,42.378314652373476,8.660673797078974,196.2691043211909,Cotton
48,45,176,41.78238145471876,70.70442056822893,4.550545539577613,34.799755177407945,Cotton
70,116,91,10.668658335255879,39.39248995836256,6.332060680507066,101.81595166222965,Rice
0,116,45,12.497350654740705,32.69442431581572,6.66055002017231,276.5584088618647,Cotton
122,107,127,14.843772966011027,27.795206895870606,5.497564578170909,67.99278263559019,Maize
61,50,79,32.81795325703076,40.99690439288179,6.583237310265481,38.364638898926145,Cotton
31,72,46,31.26673637169334,23.27697460118589,5.532292208994164,143.67564296411436,Maize
28,126,121,39.84364833529735,15.798012455746893,5.80878556835334,256.9270474331397,Maize
48,19,165,34.304135360359666,83.15779346158185,7.783719543697529,41.537923901775095,Rice
29,133,182,26.49077096724781,26.01759656492921,7.548596917151982,119.1454921436227,Wheat
18,115,67,43.31574637773433,80.70121602916628,4.986500645104162,270.60733645786047,Maize
17,28,169,18.060556874691613,82.54939044915675,9.243890462690718,53.08268954954164,Cotton
0,31,191,37.79506976053379,60.29970340641614,9.0218466922969,106.65904519529475,Cotton
77,44,131,23.652304952348395,40.739743827419936,6.758133162815691,236.8344561903864,Maize
114,28,180,31.37598283287555,26.62930528236544,6.272804753252803,171.37561772072925,Cotton
112,28,137,34.10894277174471,77.34419764598962,5.911878291098297,251.83831303832616,Sugarcane
113,8,52,30.854642234223704,65.73886469863906,8.026514679465212,51.256997885480594,Rice
62,71,7,13.689654148179045,70.37236122149845,7.798662766140612,276.3902258949768,Cotton
131,38,120,24.21469517402806,14.94294099972773,4.755555884403064,280.38595241358263,Rice
128,120,179,28.338055552072728,93.68820824616057,7.797331400322313,63.423613506828374,Maize
7,27,194,38.34672281941516,19.881069064169356,5.115559642253055,29.627541744398535,Maize
54,113,103,24.238872058190317,45.63526435649848,3.6187733537505635,295.6728565982348,Maize
102,73,120,40.77240620718795,48.71238837515071,7.974935536239213,154.41061813776471,Rice
130,99,18,24.12502296127733,14.316168449474215,7.626679055748798,179.40858494306053,Cotton
31,66,195,27.897539102352805,56.800553811363315,6.129179279195785,191.60628737940817,Sugarcane
9,61,116,36.510741766409474,78.71573082959355,6.8643907578848395,239.9647331918139,Rice
109,58,65,29.0907554178906,84.75412357193598,9.561882826916861,246.17625178547894,Sugarcane
123,74,163,42.21558891892229,89.5643223263143,7.309281157794802,74.16938992819307,Cotton
86,105,99,31.77968690189164,55.99750701462716,7.710457186153802,86.05600491831045,Cotton
54,61,21,26.990289001552515,68.24552152839105,3.909032454074503,264.22263195577534,Rice
31,142,128,9.621000478771697,21.014839429509944,4.562364548320802,248.2717494020882,Wheat
134,139,28,23.197904835795477,56.024875820945965,5.426094569034165,192.08347388646578,Sugarcane
92,107,120,19.213844990253584,27.46771019250771,6.952027635380116,297.0247759844457,Maize
7,89,155,34.834077242484625,45.87841518025009,8.470181734293256,224.80169149033338,Sugarcane
64,65,86,16.048063095343394,42.42146531249616,5.5559416178469565,80.26737257064826,Cotton
56,7,54,15.941659037833698,50.497427469597255,5.780847555064153,255.82104310378435,Cotton
66,132,83,15.395262704660713,63.18925816038316,5.139365665111993,135.62009270180997,Rice
71,90,83,13.17142333783701,91.57652865329875,5.129499707489957,30.26128542864078,Wheat
53,51,74,19.623043727746882,48.00733290648121,9.5727286137267,109.65154161498795,Maize
66,80,31,39.630089582631186,98.2829434724799,7.566925949560896,232.69630843872693,Sugarcane
50,42,19,35.76751083624723,79.24870371798809,4.497767958655659,287.4253874599955,Wheat
96,91,54,34.38674232747641,58.033925709764446,8.122390899739264,97.04876465717885,Maize
91,62,40,36.547320836618695,69.3930656604936,8.120935317504186,88.80549308322371,Cotton
7,54,12,18.175742548669092,22.96061146600764,7.765409254743712,177.0544957720069,Cotton
34,34,83,39.68297083818658,86.57549523358023,4.362210848580247,246.09162927605894,Rice
95,105,135,13.578157454927833,64.10803389898187,6.111145494205356,227.95809734539145,Rice
87,29,194,20.504831289702253,98.70598305396288,4.183240515164244,176.03656258323184,Sugarcane
77,116,51,29.218834540063533,68.74194333961917,8.726371226189674,195.91574839330937,Wheat
31,130,109,12.381097074301621,85.68336268592407,7.693101716338684,87.57613982392154,Wheat
119,127,102,34.208530534619584,82.73966705755205,6.746105195314038,140.5854179504325,Maize
45,51,100,22.27616247748093,43.80602068083064,5.695299049603818,91.26825386059947,Sugarcane
54,122,193,36.09731716317232,36.44863058248624,4.679196636764374,266.3335223992627,Rice
6,43,164,25.952790738344174,51.09330010008041,4.1812645685318905,51.523919399823036,Sugarcane
73,20,120,15.094433450001706,54.24258321583734,9.703139888236159,209.37179725142798,Cotton
6,26,17,34.36971103516598,34.77525895597038,4.777751308518548,92.63681377102604,Rice
84,58,5,17.574609663195236,90.8670377461783,3.8831976110168682,152.5531931246492,Wheat
111,20,38,25.880198484127888,60.696351799165356,9.654667341967977,103.5265767426379,Rice
124,63,194,11.428557766660386,98.05268440756092,7.013291144690093,110.15917173765098,Cotton
35,35,83,30.301759573538877,83.61852357856478,8.598603103943315,92.66737568794741,Rice
28,36,82,31.971850264326445,61.82390653558977,3.780101422069239,229.70226996869056,Wheat
81,13,125,21.97786250705287,95.3613518369716,7.128453487869789,121.97872305292881,Cotton
1,143,97,42.013912755173365,57.46777165366781,6.0485437703551685,222.3451580298292,Maize
128,14,102,39.22107846757598,90.22502812285006,8.440572379839255,147.12426154794676,Sugarcane
46,21,86,33.436343867751816,44.89300774848053,3.745924132089975,172.49857351650994,Maize
10,72,203,33.635092192382245,46.649652257730864,6.070819638794331,171.3969044910635,Cotton
129,52,163,17.583579679986862,50.0337995306088,8.614069884711654,291.7796336813208,Cotton
118,115,196,31.65717004187802,61.04581785733619,6.845262493685568,122.35348142435772,Cotton
139,127,157,15.697578030196084,61.63411615603921,7.020247942391066,77.9984837491514,Wheat
19,105,42,13.81131219240981,56.74138758772612,4.121853964582179,273.9516970040254,Cotton
4,106,18,43.58148271824979,40.42428343607745,4.346915559168584,68.85777421652404,Sugarcane
36,69,140,30.45868241526646,93.66159403257423,7.83279747434103,252.41987799848113,Wheat
136,55,95,23.798377968470227,64.64182854283109,7.820298382655487,62.00480540844545,Cotton
52,40,58,18.828125396361507,49.14325082761968,9.76626172321455,203.52298221548716,Wheat
98,85,134,29.816431439445513,70.00586553572808,8.056499123619524,62.09550833152039,Sugarcane
85,131,105,10.525854086058997,80.0147511443003,6.656758373974062,277.0947834943332,Sugarcane
107,92,93,12.094898469566868,96.53439716116044,8.986898070614739,177.44180506228292,Wheat
23,108,60,9.943413081365794,57.011363206331836,4.168627109221992,111.83690943268638,Rice
80,19,98,26.171110197540628,23.806842337060026,6.375493253736029,59.25182827236847,Maize
119,100,97,29.70111069571395,51.9736291831116,5.337498309936446,123.50279931943012,Cotton
58,127,88,10.974295695252167,55.2477771165625,4.169681964336804,216.4070757039903,Maize
127,5,89,33.898611468962294,91.07239250051225,8.386413342210345,127.33183099731468,Sugarcane
113,126,193,16.81774848870684,48.03442585727508,6.769068995192857,88.68799807536209,Maize
114,130,26,32.64501059119134,95.89988950082777,7.063319807343941,180.89304946016932,Rice
13,61,39,42.97002047322654,55.77580449111849,6.132033202626106,136.4798216445704,Maize
8,85,20,32.85048427787402,97.6529889338942,6.446158282257505,66.34387548723035,Maize
39,77,54,39.53511824174157,14.902596120923459,4.24251127758722,63.054857694216224,Sugarcane
24,74,126,41.79730803465874,91.22847762090392,7.806674075436649,217.08667187874218,Sugarcane
102,10,132,25.73893648266058,93.99702273154516,6.267663101473368,291.45118852217416,Cotton
21,88,117,33.24090928380579,96.55949419507878,8.727312468029332,85.07007992091029,Wheat
3,56,175,38.44853002374329,15.320658978764492,4.756238080915687,235.36725561140366,Cotton
28,7,21,21.209990168028636,28.91476169236148,4.812352597880549,44.58094529196447,Sugarcane
108,85,84,17.89662661630174,70.22761791509035,7.632861257796402,126.39257827222217,Cotton
97,67,190,41.741630332686185,16.38300968169868,8.91442190974334,161.21131292653791,Maize
36,53,134,34.07536181283486,19.651290972326112,6.522066167156322,94.99227487414252,Maize
74,80,136,16.444938241478756,33.146459475527976,8.15250475989184,167.58167331591588,Sugarcane
69,116,89,24.428102065128748,58.116088181350875,9.895711497555748,265.8315952188507,Sugarcane
127,113,171,36.51652157991576,60.98384932916541,9.837700094265141,283.0370849233947,Cotton
84,69,98,27.837792083961784,17.136178223403324,8.26375579405888,48.18500040201967,Cotton
41,85,138,31.418333016172937,28.80047339197722,8.233353533940793,95.8547234278035,Maize
99,19,85,35.03113343116782,57.02477620477997,5.084760878072997,292.69296924518284,Wheat
40,104,73,30.445919770552525,65.10071121484984,8.834653641880152,95.45744361494442,Wheat
33,36,73,27.594760402892412,26.918025388868656,6.092653613101572,212.98045582321964,Sugarcane
16,100,152,34.88657709669451,48.38070900385539,9.656761023147666,90.73616300412249,Cotton
121,132,196,34.11919363304058,91.70720310950283,4.021137207724387,119.37654462124495,Wheat
75,117,20,30.719559526374624,99.80566889985695,6.289378360785447,73.43294233170657,Cotton
86,87,55,21.32067158569115,98.8042787790288,7.057379121174391,258.5083439059155,Rice
116,47,109,22.92226080856945,89.75950553158496,6.092999725351455,265.841150970968,Maize
105,120,169,42.57126150116659,48.022369537310354,4.847706819231638,102.8307509528646,Cotton
85,82,201,12.711030443745098,73.039416830809,7.295126328208063,249.40504806668633,Cotton
26,62,174,18.143971120398668,49.90195392110583,8.337874653600881,119.89865120529267,Cotton
56,37,189,25.935581220310883,69.77876619883418,7.626967014529257,47.75710539172256,Wheat
30,18,70,37.91819307780375,40.71836276208471,5.000472632371453,231.17266136638403,Cotton
133,136,13,14.49591309779453,66.15153313440545,8.182290843958555,186.19099106854847,Rice
97,63,111,18.438020710736424,59.086103154579234,5.144145958685205,96.56063407356983,Wheat
11,87,104,11.089777979274317,16.297958780191234,4.621295122713856,90.60982778444703,Sugarcane
52,138,90,33.368287258568486,81.96323885104195,7.920275298807822,291.71598400523004,Sugarcane
137,125,68,17.08968835455144,15.219644223409835,8.893838375129146,260.2340396805473,Maize
121,87,26,22.325881323349076,39.323464251107964,6.581852465258077,245.56687506471872,Rice
45,31,166,24.24081035663244,14.707692409408002,6.900907476086002,55.827328314975546,Cotton
63,84,187,39.81772495910465,46.44046111939848,5.437584451015888,230.36861842329088,Rice
129,138,161,23.11429410352704,19.61285726366674,6.665555296704206,79.90654356087464,Sugarcane
53,17,170,13.853830693050668,92.48788985743738,4.344691187279406,292.2073428948534,Cotton
106,68,114,27.04615985423621,49.82371559545784,9.617317309971137,34.69642100989632,Rice
50,84,101,42.3109382137723,53.57878790587995,8.622308183402216,118.2001399748158,Wheat
35,127,22,29.94746030856822,44.182165232986264,7.775027589261983,139.49269408871643,Cotton
114,47,75,43.02187527202793,67.97727741509136,6.944443978780179,249.5756702877754,Wheat
25,93,197,38.07053435107268,81.42377559418007,8.569882471858973,233.43981025052602,Rice
28,99,131,10.051608316226766,69.74617587929741,6.666446333349148,124.5603139386359,Cotton
10,6,101,31.712305919121054,78.32135004646244,5.419833012189008,177.59542966937275,Maize
39,124,5,18.779487339014352,91.84194296274363,4.526395105066701,252.74613403203136,Maize
10,26,136,28.27466657643639,88.20593776424144,7.644547768331567,25.264946495637968,Sugarcane
112,119,8,18.521212644406685,71.96680940099174,9.448324768169691,243.4461650976606,Cotton
38,61,129,20.940690497864104,32.59447342090953,4.483158742427848,283.7211638526903,Rice
53,76,86,40.926271169045435,68.8511343342933,4.652115488325164,29.12355632904483,Maize
97,11,31,15.991182834231346,57.571321304961785,6.275078613821025,32.88518870385821,Sugarcane
54,123,175,39.2189973072989,75.665688097593,8.66415582668601,116.07824774902339,Cotton
110,118,63,9.85993172085329,85.58224226727282,5.38110546541763,44.62626959654382,Maize
68,20,36,11.962503535263764,77.85123230887598,5.12504271788818,153.58253314578909,Cotton
55,87,165,38.54269144017237,86.75029226568215,7.467784265362138,223.0001836604854,Sugarcane
32,76,32,30.743349875639996,19.673348195325744,6.927934603995724,177.96805710935487,Rice
35,128,110,34.80381760377635,16.90983727695066,3.885410332449512,74.86700029494364,Sugarcane
80,117,109,16.087734944600527,36.353498651855205,4.02153585477937,202.43398479844853,Rice
108,16,187,27.4905042545356,91.38708340810946,7.615283073182503,210.79500155549226,Wheat
72,130,192,34.455228980281404,84.78759780932657,6.476791034545789,279.6997094671396,Maize
39,57,74,30.630531967957133,72.7097294210582,9.71425402617054,61.05357654003275,Wheat
16,79,66,25.21511708781409,74.25501779958365,7.842601028672415,212.877154694376,Rice
128,137,38,42.200475768032476,76.47565921542882,3.564471436756681,273.850195006831,Cotton
60,31,91,32.3302752041799,94.98105143154282,6.578520190722956,159.7853038691325,Rice
103,144,118,40.389727848395076,85.51878175275769,6.1524667842270695,120.8888509058886,Rice
41,138,110,34.19601380276411,67.62455616821798,4.182968703960119,67.71958424174835,Cotton
24,101,60,34.39413079519937,71.25181280153694,9.408536549582017,261.4267905100996,Wheat
38,9,117,11.584635787567242,32.51754045863815,8.652072314123032,129.91876611813743,Maize
34,61,17,21.309368840517237,70.53222331589255,4.972549813888012,277.5947839613988,Rice
130,82,188,38.67125535384412,50.5949913642619,5.138276856595182,256.131134369795,Rice
107,73,22,16.894614402776707,27.308832310912237,3.7049155412444863,125.01887075515958,Maize
101,122,186,12.819604142245023,83.30872160943143,5.398991690105862,179.92035217974484,Rice
97,124,117,20.148490771030012,57.92817645312958,7.241580857045463,27.76253430059834,Maize
11,63,175,16.471238394262965,97.96532607278344,6.193397685674677,93.45451641792359,Maize
18,37,43,41.000029178801796,38.33992067846679,9.703234967805958,217.86893375682217,Maize
100,66,193,39.00523914167417,55.39342862454508,3.8589130832874936,208.86261622901603,Cotton
43,54,174,26.188976413845065,52.593210465122,7.285153016953668,118.54272059046932,Wheat
48,116,83,10.934766832038608,24.550805072471995,8.993180419245107,245.23561528040176,Wheat
16,23,150,33.666769644041835,50.7180793957978,6.576741839422224,85.83317324373414,Sugarcane
73,127,155,30.494728250502007,38.84333121527327,3.5189614115865395,148.5715893762772,Cotton
56,51,186,42.57530254135166,27.939464396146278,5.053929598888161,151.70527580702367,Sugarcane
54,37,34,28.25157276140912,38.38073355189714,5.572121444274984,115.04930677652577,Wheat
46,88,102,20.506501574421247,34.18966994152979,9.68236476516776,285.883575943134,Wheat
11,139,62,26.86195493653374,77.11010160720375,9.335349003767677,214.0871665272527,Wheat
61,83,200,42.87836254087716,16.83743277681002,9.574691232688835,170.25917502158802,Rice
79,18,71,33.033412652149465,67.11655749616307,8.784854128748599,162.27635049006088,Sugarcane
82,132,75,32.18476959986138,79.38867701142308,5.750545498328988,64.53210253470617,Cotton
7,58,150,17.17571932246081,55.39800021939101,9.297609101415684,123.77961345405176,Sugarcane
80,33,110,34.67736761110949,94.03511878667861,9.782780837997112,207.43281348911057,Wheat
117,28,11,34.90945966561765,74.86537558177108,5.740456398559699,277.50789213881797,Cotton
24,86,44,19.841656635401506,78.29705691738846,5.1675581823132735,247.42194772874865,Sugarcane
88,67,74,25.633241367196817,31.07719987368258,7.000264273806216,103.79848244205998,Wheat
11,109,197,19.05219598632787,80.8142308494086,4.697774032633152,140.97012892950843,Wheat
58,61,72,17.802936447285177,85.51051888232296,3.7087950170008335,43.27594601437073,Cotton
108,140,53,9.701183244682085,45.1605294863933,9.553319495141565,48.63455750080213,Maize
25,66,56,18.725368713935957,32.485214930425634,9.424740047625082,151.0651167017424,Cotton
46,21,118,28.078154255763963,47.198843207749945,4.540984664077575,167.76006091719896,Maize
31,70,111,8.855721326706204,77.58440294331176,6.109537580350205,93.67874073245116,Rice
9,10,33,18.656024116576425,49.99166280294783,8.818632404945188,199.08642240044745,Cotton
15,62,153,39.4730795648491,77.33106570676432,7.730401912453459,215.95084479695234,Maize
25,73,82,29.458970761736158,23.932481161774977,6.0266400586925695,103.44401942760784,Sugarcane
85,66,13,29.95362627801812,83.27520358886312,8.262694381970043,231.2696011644089,Wheat
134,86,179,22.837077814917095,35.89988117675003,9.241103284545222,77.41984896859081,Rice
13,75,80,32.3412305935359,35.53321424714068,9.427413315365555,171.6651582957922,Cotton
78,135,46,15.409660264816498,64.79564871797086,5.92463751630201,244.0314283383528,Maize
116,14,183,37.29238900136987,20.209116520517014,4.610788352466041,169.64962854545516,Sugarcane
6,102,188,12.860781373769314,16.453715176876095,9.34216869244144,272.8860245644084,Maize
136,93,183,31.6288471419282,36.5701566156486,4.092354853510581,36.48089310901115,Cotton
114,39,202,20.671996538524972,60.312389097974304,8.118805703860247,183.9277432002766,Maize
71,6,132,34.813451376270194,91.98272429950198,4.39918281510913,176.53654244310374,Cotton
58,128,24,27.931806384057495,86.73949460953621,5.99207586987323,203.97633133342916,Maize
81,28,159,24.541885739059325,56.231261615227595,6.133956777888175,252.13712320472962,Wheat
115,78,170,14.695899592844995,17.37535585953233,4.516050656717334,222.20491337137534,Cotton
102,26,76,30.961386957095478,60.07115935773179,9.405161177642317,240.13568525426186,Cotton
16,43,69,42.72199055103037,74.60098291359783,3.517076275259432,100.57769476721407,Rice
13,24,186,37.53099918676412,43.26640043739539,9.220374676586436,128.04052045574284,Wheat
107,45,117,10.888285102097612,23.71812509123781,9.156507670243109,194.6320318770659,Cotton
44,112,28,21.89278236696945,38.07327358972501,5.528567383667211,174.22832763670948,Sugarcane
97,88,132,41.01028871982146,80.32516568489166,8.007419327227364,287.6752084043003,Maize
130,115,179,26.305922414984344,44.30159642668124,5.117977032309219,72.19604133174892,Sugarcane
36,70,203,31.841491538124636,83.78681375176537,8.356150798425206,117.96077105315274,Maize
107,57,87,40.55845722658039,41.58298841990067,7.091166347441558,179.5977814231751,Maize
38,38,67,39.20805522661185,28.216666792064213,5.421442907185013,261.75431717323113,Rice
14,71,189,26.26334906880978,51.55220441031622,6.06150242328099,278.837694421503,Cotton
119,138,187,24.030091332484552,52.95992570317921,7.915287886325783,113.71891086932068,Maize
3,31,64,20.621303123089632,15.580474329678179,9.29902367772021,38.87628484278366,Rice
92,14,103,33.821876622068615,24.23076273093215,4.336649706030558,137.5367619317441,Sugarcane
15,77,66,18.787140621609705,30.048159808830455,7.156729405882606,129.945975061885,Rice
107,100,34,17.496088703795323,23.93443309935244,5.123866876525552,294.7393510048326,Sugarcane
125,52,26,21.197496332211546,43.468784663610876,8.62878239920294,140.1643442861267,Cotton
54,74,130,14.967083979381963,96.86817872637845,3.949518757564679,105.28271070608876,Maize
33,104,161,32.9901695949127,57.84037153463058,7.909317057095487,121.88452333307214,Wheat
12,63,173,30.245174596705308,67.9815512457144,4.619654487622591,130.6645838976074,Sugarcane
17,6,46,25.604172987231355,44.742321209423515,7.316866677780667,248.83468836531821,Maize
95,69,102,22.3833371183021,41.92290117281762,8.84843255803323,42.74644467494082,Wheat
122,87,197,40.435376492806256,16.183678353116214,8.33251623757875,108.28391170191993,Wheat
38,14,35,9.813507717620865,57.078594291435124,8.31883448117528,289.12643629774584,Sugarcane
45,57,162,35.56494947405401,55.6452918786178,6.814209997996194,62.808427085506025,Maize
28,83,116,40.18645309686133,27.726093233722246,9.200771787838217,226.86594778251978,Wheat
61,63,150,24.333139364161422,79.70256681771451,7.263873268748787,119.38431138348422,Rice
15,52,126,27.964029103178508,56.42219010765295,9.372114998717251,182.11091193993641,Rice
120,127,21,41.667336338294916,43.25178324284683,6.997743730127473,47.904219117021874,Maize
9,26,42,16.187257531935902,26.790093503264842,6.738179603328019,105.47436702460332,Cotton
102,104,146,26.900692702907033,61.52018287141577,4.9230593229460125,159.5907132642252,Rice
83,102,114,25.32029522406181,78.716419135811,6.986634585793312,84.6822931703414,Sugarcane
132,29,188,17.79206414588888,38.36734452510207,4.39974291999294,171.00240515169224,Maize
64,32,26,37.28704441698416,32.95067593012512,9.06601728806109,81.35901710365395,Wheat
2,117,199,40.10610069776061,58.92982642033425,7.825708087733078,201.12298380264914,Rice
119,49,60,36.011253776629665,27.51292102510845,9.85926687035483,271.8818128916625,Maize
67,72,123,15.598491837531572,71.32876723113021,4.089423537859348,43.99148777494233,Maize
36,11,151,11.818852515448079,66.07794891482055,5.0403055990098355,80.48424275648483,Cotton
72,53,61,29.86946808862591,21.66293164998543,9.113815067303292,255.2029284865498,Wheat
48,141,176,10.786897665743961,17.32979651298374,6.0296262385210735,195.9613349984968,Wheat
120,87,39,32.21434092182133,67.35873752684172,6.484339135884145,42.104691640775904,Wheat
87,133,118,27.258762867388043,39.42097643083508,9.008172079280747,155.55123703497253,Sugarcane
139,142,129,31.86494349947949,21.608401046960253,6.839668639679695,78.57579472765454,Maize
36,77,133,29.33794292301109,79.2830400147709,4.738245436251956,75.60852646970041,Sugarcane
60,50,56,23.510049419545613,41.1135710586121,9.208992738622598,281.9815990572338,Sugarcane
123,110,89,15.790525868879943,53.58768140399576,3.6987946011074144,232.13701282958112,Maize
38,36,202,19.438434326205,34.49486788278803,9.230536112918038,213.9609741777692,Wheat
62,10,169,27.052619982820378,67.96107361527757,3.823329450702942,86.69388979276806,Maize
45,78,69,31.485009658936683,40.0375571958686,7.76143593344082,53.19898641529652,Cotton
87,118,183,35.92600898758159,97.15939637720776,3.958748029922142,262.5527185037129,Maize
10,31,133,35.49754100202732,74.4426049164689,8.01976311017642,21.836284148004093,Maize
61,58,25,42.64956826548577,25.91709908520602,3.7174164565308856,128.20723471599376,Rice
76,89,185,18.747282413486648,49.91074776001611,8.89172945734904,97.45955957413913,Cotton
51,131,20,11.2746526458276,47.2305882468506,6.482041285951903,178.93569655707762,Rice
3,115,127,20.828861356856702,59.98497738873684,4.098105041080819,89.9164977070278,Wheat
58,19,65,34.66664773779787,86.35345880287201,8.023644448064921,106.8084515010681,Wheat
71,136,58,24.046285455958675,64.19926670118325,6.63145700802408,256.7660916446058,Cotton
92,97,172,37.25903738451179,19.475407270319938,4.722072696802835,188.06744955347756,Sugarcane
62,127,30,27.91655750847332,70.36912521600468,3.600303192887845,60.74344735576322,Maize
53,77,84,41.15675194754151,14.908336033960063,6.175188862243438,222.37703055488993,Rice
116,96,69,41.78564778156759,81.04261146831169,4.048027076662628,77.93589577185016,Cotton
109,21,104,11.211796809452455,71.33071140564344,4.102686068782318,140.70527205030322,Rice
73,47,78,24.683187701992367,40.66293092081662,5.210909109521132,200.15079401237534,Maize
106,125,196,30.017179331484964,39.2622626533215,7.534933102351515,95.8779902744187,Sugarcane
56,45,175,17.704364420265005,82.61199580401839,6.891427894790075,127.09692652427299,Rice
2,43,21,22.96627192238851,81.33195449793999,3.941518772855556,224.51383292974518,Cotton
119,117,125,32.3833176308959,44.39231177008833,9.697960165711807,281.2206183379948,Maize
5,115,191,16.690351096062976,39.81982029643717,9.177879605085383,167.48889935182132,Maize
4,51,27,29.748951083510942,62.176984407255105,5.159043117729013,22.97492138420811,Sugarcane
4,67,139,33.071184420117845,14.916937060641155,4.282966886157704,114.39446197060143,Cotton
53,114,176,11.949271626136163,21.284565155446675,9.531378334444739,131.13993538751225,Maize
46,73,185,26.114020197755355,25.01273387574674,6.451307378436479,114.59201844662452,Rice
8,47,75,17.955185041361837,30.08979278778883,5.491468574537189,141.6136240484611,Wheat
98,38,112,34.00864518873195,58.07995345608771,6.638291425057199,196.27101843766064,Cotton
19,44,83,15.396531697085528,99.23513210359816,8.445562525097039,53.9099299134747,Rice
121,65,166,39.8498794607261,70.12896852974819,4.577665909139549,96.07307061782679,Sugarcane
60,66,50,23.796758510837776,19.45330668429846,8.411973334459567,161.4784623387049,Sugarcane
122,62,200,15.690505454702862,59.24215235713412,8.29645944277674,108.02405166648707,Maize
81,79,82,24.04315851299146,56.762494701780525,6.951828510981631,296.0190496030705,Sugarcane
61,20,20,23.024282945736772,26.555181815606844,9.041390647997323,140.26737727653298,Wheat
2,86,75,23.726379790381117,93.06734200636635,4.3457176202871075,262.2651044447138,Rice
12,98,100,29.17753301371115,51.97358172577913,7.311065642660308,269.69868725133847,Cotton
119,52,151,26.936845626991104,99.4337183502547,6.375795536011658,252.86074802272998,Maize
124,142,6,14.012244182495413,50.20019570311048,6.202669522149323,33.251780455040205,Cotton
88,86,14,11.082151728102945,66.30197511998531,5.116390856124963,283.9579154079957,Rice
72,42,182,34.18365761568361,23.178149373888413,5.882589803583412,56.02905504166314,Wheat
67,131,129,28.278166770305308,53.12732450024869,4.192164838551461,29.77452959288816,Rice
100,23,85,21.293226729158377,34.66223711614052,5.110233406494881,135.51906188039496,Rice
97,67,144,36.93085222293297,85.80790323755484,5.240576689779728,74.36665131651135,Maize
10,81,74,22.3044349042813,81.38190842314818,8.112274351744894,71.46189420527863,Cotton
104,135,154,36.49958511810114,84.83222596789322,3.810722734136724,100.30019840258271,Rice
66,106,36,19.440313237430637,76.21332881585644,7.667630772165508,89.3312799401997,Rice
122,69,109,11.335016354572952,85.5609522642384,4.917023422676415,210.7785604183876,Wheat
28,124,88,41.25586134423753,31.411023889990716,4.023913637864281,72.1801244368183,Sugarcane
136,95,133,22.530379298991786,52.940151652889,5.4251594309467785,171.34982433639706,Wheat
75,12,186,36.38570153515835,73.49127761136947,4.9366263643430575,294.7225077917443,Cotton
8,77,62,18.514215836136195,68.82453707304106,7.03300720537504,140.5320277521352,Cotton
39,138,202,31.293505901903227,75.59157918230926,5.787208982066959,198.83328617776996,Maize
24,111,150,39.19121838936894,33.41894343606056,9.682359951413288,289.97613791222386,Sugarcane
4,93,138,10.249211977431315,22.63585456515562,9.666717436101443,58.50493315491167,Cotton
138,43,49,37.70612461107591,92.77032374100834,6.339777722369533,136.69833068625564,Sugarcane
123,117,101,28.682388573023115,62.20673145012262,8.588559748225663,256.8085449743392,Wheat
37,32,27,29.940017036018208,27.38288173028512,3.5849186615096,279.6606715079,Cotton
71,101,27,27.005898428048194,82.19751506774689,7.0059941422387375,187.5239949299633,Rice
132,41,158,39.23173359427075,92.60949556912952,8.257114702764667,60.11395368694417,Cotton
89,141,139,10.311480831800184,28.731593541544047,4.888436642606949,271.0795418126324,Sugarcane
36,86,83,17.883788025447515,84.25224741656278,3.89149923306204,68.74847937093932,Cotton
59,60,48,39.276536352298606,94.1773877550493,4.497881189801317,118.4059051908286,Maize
27,89,31,34.98163044811207,94.6175891453687,6.327827757912685,124.70387021123746,Rice
80,6,30,9.414051574215485,92.54320876370505,6.7407770928400765,144.6812355465524,Maize
113,62,101,26.79181865569786,61.02828075926081,5.937664781496118,240.10314657358327,Wheat
39,111,40,27.229129288801083,44.72730988865659,6.315832109071232,243.43678042592146,Cotton
44,127,113,22.75069830245128,14.823279619376596,6.509503741499401,220.48000689329916,Cotton
61,118,59,19.14928795575724,19.42017784288987,8.424394634247015,26.358410091526164,Wheat
92,111,196,32.5240247943495,50.95150361098638,4.173548147696975,177.39639194703327,Maize
114,41,189,16.031108171725432,48.422250745752436,8.421282989820135,228.2272896217936,Rice
66,83,73,36.60340996009537,30.02998205013899,7.907214734687988,143.93920430912738,Maize
55,96,65,36.74569319470802,48.092638402312986,8.246629180648437,283.1757014251898,Sugarcane
39,22,134,23.251098027534155,29.167510609525046,8.200597669602066,249.46646823930166,Maize
97,102,59,18.667470779655737,86.94141036288954,6.511787621131416,197.798554724985,Rice
39,67,126,18.67896071935682,39.75530103393882,4.852961181189761,37.57292861884348,Cotton
90,143,101,25.583738075068112,65.49696480856717,6.934424987531546,201.74796070238736,Maize
32,8,84,33.84135702127769,57.29365041332174,9.631085143098238,273.89260302849254,Wheat
5,139,91,21.288630446586282,18.64629404980513,7.266564360917528,125.7996511689688,Rice
79,65,42,30.02950842192975,94.94942976039295,3.570701729361777,253.45228187597198,Cotton
91,111,123,22.11045922827428,59.38326633606643,3.8821497912089002,107.35274605854443,Rice
96,58,82,19.39740698246814,42.05744003867857,9.854325975062736,178.85974603761434,Wheat
58,92,161,9.665111153869638,27.75144701755395,3.9604566991324184,200.65651563258874,Sugarcane
58,72,158,8.936210879591595,43.211732596089824,3.7946890242873508,208.88601895264046,Rice
47,133,39,16.706827188553756,15.957844379104479,5.759355323895395,265.81347421542813,Rice
12,59,83,22.94293878067464,45.35693391334911,9.703630100923755,85.49537690784831,Maize
106,7,71,38.42388862419969,59.74834396999607,5.539520983890341,93.21745558592167,Wheat
44,125,91,36.587251653978804,88.91893726942597,6.1232584376017325,216.13460843837805,Wheat
88,133,161,18.09735113806205,73.10798759670125,7.5580931917348195,69.5130380143078,Sugarcane
99,106,38,17.31000741585362,23.762604235518786,3.654315771688946,149.40645370147016,Wheat
6,42,101,16.710808073236954,26.861860004333266,9.245686896122804,25.77556908868897,Rice
132,89,173,20.605459450404574,50.89017262203471,6.824435312348365,59.434549484348764,Sugarcane
44,137,173,26.13731544074665,30.97215431544412,6.4875897984259705,209.12294895353213,Wheat
57,96,155,24.065638466698825,16.586725938842168,9.008650638122436,228.21856424897211,Sugarcane
30,25,75,16.395907317595984,83.18977522611863,9.599690171891336,52.29328695010112,Wheat
22,113,7,13.339709066037909,15.873084308818095,6.209921482539743,83.57156787943613,Wheat
137,51,62,9.2377078745196,85.3900991654698,4.603622907476677,47.725107471261325,Maize
106,88,36,14.157920705594336,26.54970963192519,8.720539328013267,140.81879446436,Wheat
38,87,35,33.346401682755314,97.72993980616985,6.080866695823918,55.298102488231436,Sugarcane
81,39,86,17.278622213226285,65.95199424350449,9.487491452875304,141.8994815775455,Rice
99,73,47,25.107342992228542,77.18804066868204,9.57935349651829,223.94294458945492,Maize
1,133,139,29.377279982528915,23.66844691686316,4.234905803016765,210.38705660381308,Wheat
76,144,109,39.66206341853993,88.08231909479186,9.621945390930248,98.25215349086852,Wheat
11,31,5,39.732157424091,86.11878378409085,5.856930082848774,207.7081174554213,Sugarcane
38,60,65,34.751533932111286,70.1614770931252,7.636016113006019,278.38228602935226,Maize
12,27,18,10.02346332328785,57.2449558958247,3.7224005230978947,116.91603692573199,Wheat
45,25,184,28.81245058417244,76.03162213738433,9.188859354136529,111.79386047404392,Rice
112,65,10,36.17310478493643,14.708048054370456,7.606222907807136,179.23137670744546,Rice
16,67,107,9.40162395776504,64.97217273764797,7.618748588521083,88.52315400894541,Wheat
103,126,14,27.929024555248922,86.82270576343558,9.273927423855897,201.53441565690412,Rice
97,56,75,38.650192273353824,44.78632033087649,6.753421919406996,251.81845077815146,Maize
87,92,94,25.29875223931089,23.480397850585973,6.127306498320324,148.0283399689493,Wheat
108,59,162,8.942895860831207,50.269180302992766,9.043224014670823,209.30688852756882,Sugarcane
69,50,153,9.18326487007914,76.51285128431404,8.25149127597695,201.6197134666376,Maize
73,36,130,23.29893410199852,23.395713728766637,9.573444255775367,30.96062586218416,Rice
62,59,192,14.194301626103059,31.85836161024467,9.516780117187409,71.24475494741857,Wheat
59,100,101,31.92288286684543,26.845193273219586,5.946887453185537,268.86939950598554,Maize
78,137,78,33.466214418734154,82.49842265279678,6.3607122569050745,281.4936846116849,Rice
36,40,119,14.990216882029875,19.58989774417812,5.1383037042609825,237.39635178728065,Wheat
21,114,195,39.72095844065207,73.0404632312069,7.728146490486833,276.58335967959744,Cotton
95,110,174,24.17839300526662,45.6053581085485,5.833068608568874,105.40116955063937,Sugarcane
67,62,55,13.771037584198947,78.9713095152704,8.531044138289095,89.13796344610878,Rice
16,43,196,35.39595561281496,96.84765898979204,4.277924868677827,127.15074219809271,Rice
11,84,60,36.29111260058369,24.016532174561533,4.244978247460773,35.60167819659103,Cotton
137,101,45,31.04748244875792,41.14279801948119,4.8085144410841405,245.5872715792015,Cotton
117,117,36,38.50060125144885,83.62774915550605,4.039470005999446,294.096037507526,Maize
21,65,19,34.460579426667366,37.009773684585824,7.468202289140702,249.5273520851085,Sugarcane
119,141,66,39.500759655499266,32.63583516684571,4.443057702507128,174.64963568946413,Sugarcane
49,10,159,23.899304087294684,84.93489270337088,4.523762671792987,102.37697238540494,Rice
13,113,32,34.8163800578606,98.79295859531166,3.5910606318666622,75.21932238167848,Cotton
28,39,68,43.59135440733074,61.92466657568066,8.505376093591103,121.51869722101047,Sugarcane
124,43,191,34.02760567368274,38.02877773216717,8.698694754710278,205.81762007326583,Wheat
6,122,190,12.7735955522522,48.35710290912462,4.536943464732414,144.61723090701122,Sugarcane
28,9,134,26.837491540535567,28.780169056775293,8.232956379310238,280.1488479295125,Rice
138,91,131,29.239703135257372,79.49373980093749,6.274688788207102,257.92952144736336,Sugarcane
32,80,40,14.862531492484408,80.48672332741121,5.033407250978504,48.698091422474775,Maize
133,61,118,42.308628869395704,89.19786904717978,7.476861491672505,56.803469807393085,Cotton
110,131,203,14.910176261684647,16.479839700225522,4.642298075821342,208.39736526902084,Rice
78,33,17,14.979015606020152,62.361800977380696,8.344055088979427,84.42284293153261,Rice
57,91,19,40.64781640151451,32.5616907232109,3.804737456451531,240.34361477237036,Cotton
25,50,93,24.989149072634152,43.413674427695,9.638437970738654,184.77497100942406,Cotton
28,120,192,10.998952118753165,81.47069623005369,3.9600016237351965,84.1618358681913,Cotton
3,116,26,29.616924997860796,30.65728400738022,7.208469883191615,153.4185357388485,Rice
98,49,195,29.743556932430064,68.90588802479938,9.274043456783222,133.2110321657454,Cotton
38,108,78,11.044626402292351,70.29632258786236,3.576188600626242,263.20024966241135,Cotton
14,89,29,42.64378284805143,95.96584850712718,6.6904925503299655,29.15081678611309,Rice
118,138,105,27.73224279225123,80.6312915749299,5.740044571588351,269.51335471690766,Rice
28,112,180,28.280891131855796,83.07153211107153,7.214126017650618,201.67461064543258,Maize
74,22,175,26.90001642468333,59.758184190833475,4.942927275121016,225.4568775947138,Sugarcane
115,98,121,30.053465931632775,30.207115173815165,3.9153549902830385,20.925657062169968,Wheat
31,37,170,17.99763139652667,50.670780442062735,7.505971435831724,195.03903449256177,Rice
129,130,45,18.79599890952446,61.291256449963,6.1678351327577765,183.97569936077855,Wheat
83,126,177,26.594600324905418,72.34052987186514,7.48390744771987,169.70430634230723,Maize
21,142,92,36.87266774577257,66.28067088399617,4.847450539762194,238.90674622124777,Sugarcane
26,119,172,10.535287261997425,47.963899938207774,5.6679440829022845,174.8989261271474,Sugarcane
80,32,114,29.79846658526456,36.937333269543615,7.094760891933506,258.7301478545084,Sugarcane
125,15,124,36.875879359219724,28.61738326255564,7.295921781278254,84.94134266780236,Maize
91,51,101,14.260721066895506,73.66254960353322,5.8828147697552975,244.50495451082406,Cotton
20,131,149,9.322784460923708,69.51066638857996,5.292340515945961,70.10274467714343,Sugarcane
46,122,61,19.68242267092274,73.10782031544403,5.251684028727014,246.4906815049671,Sugarcane
100,130,134,29.267400994190016,46.12560270519952,4.61807584909375,281.9309972899904,Maize
83,76,100,13.612254434485221,36.68835039431285,5.582591758909357,113.6236798049799,Cotton
5,111,125,23.629058509842494,79.3081178679553,4.776418156884608,167.66736118068656,Sugarcane
130,141,66,28.02078810862487,80.50158175624213,7.556418599871647,203.412967079512,Sugarcane
0,37,141,29.641131697554638,53.24632324895825,7.142028788749373,42.31696460730585,Cotton
57,23,72,18.349527890813057,66.64018006455969,5.948568471493889,157.70266387620666,Rice
123,78,85,22.721031332322937,46.21063522466022,5.585312127599325,120.55079898450907,Rice
14,102,21,35.88620517155104,74.35687505026743,5.020730881245712,263.00440217723906,Sugarcane
63,133,121,41.55427135539985,85.82134083272257,6.926933177339784,264.1799100565272,Wheat
24,97,54,38.793435522915345,73.18159186766516,9.380977691812404,215.226945855996,Cotton
23,52,116,28.43706586032343,58.1283311207996,7.888499528889198,202.68812127909226,Cotton
11,68,98,23.078189542449337,53.506987128496135,8.26425416982763,224.38549821647095,Wheat
17,65,172,20.386890180125356,69.24679408862129,8.84001832740101,122.05415454908122,Cotton
14,43,190,13.148488499723829,72.459793410234,5.750463829362232,132.77770637069906,Maize
26,132,89,12.507983403120733,62.083113310052994,3.902405005532721,174.29602437992668,Cotton
71,92,153,32.75484534699528,67.75755297670375,7.484376341258523,281.2532278455313,Cotton
59,30,150,17.84084568275638,22.477650089781413,4.707502663859409,221.68916496747426,Cotton
92,21,187,17.66222668784915,95.7663047333974,7.141879359972265,173.54030674329894,Rice
52,75,161,43.537187895826946,81.96925156183532,8.232865492205214,234.60594204575565,Maize
7,17,156,15.33982333400808,46.24561843387137,8.515285133746154,123.4187738959537,Cotton
78,73,78,13.952479630211272,62.433040758726094,5.431770369584099,223.48888292847835,Maize
26,30,113,12.234245926045238,18.25571223269131,6.779572688443617,134.4911998970755,Maize
49,53,149,28.977226011804504,17.733223659719474,7.474176616174031,98.02976957227064,Maize
130,11,22,30.64966114487313,35.693417319095204,8.74467661888398,189.886202425454,Wheat
92,62,46,21.509931833739493,73.30743075064822,8.372887456671663,211.35802485064633,Cotton
23,53,105,27.432384075799078,87.229061986461,9.82304205425517,148.02139807627273,Rice
59,107,49,36.236303676882955,62.12222991427301,3.55174192979207,177.57885353623607,Rice
121,57,86,37.27002505759684,59.80377578220761,6.299932421524051,213.3585886324128,Rice
130,66,21,42.13534023490456,48.67792704592863,5.138684712807218,233.8537073484549,Rice
45,21,77,37.484525910116034,28.048944825602415,4.26731767772719,269.4375426288201,Cotton
14,29,18,28.456481997766446,24.34294648368855,9.33369810026998,118.86965260336252,Rice
16,135,181,15.05206241112224,79.3902555366368,9.886957223012391,284.99611946887677,Maize
125,33,161,12.271771808058915,93.68705434611654,4.6558157305902315,197.55497115725527,Wheat
83,121,136,10.6970137688979,53.474871644303605,3.745973713928727,239.41743395511716,Sugarcane
8,30,86,31.995098946131353,70.7144929519302,5.260348465155202,214.94572480088428,Rice
62,128,152,36.90226168785016,92.56902068049666,8.843116275624933,77.41061116446157,Sugarcane
116,29,124,26.502201483805948,21.922738342456185,5.380896532475627,40.08130199135692,Sugarcane
129,58,124,10.704053284210671,80.23026053230086,3.864169475184778,222.32552293624286,Sugarcane
87,77,51,27.434375995778566,67.06120699098679,3.8359499772993915,162.42595744723062,Maize
71,124,111,41.36407430105436,65.50320622571911,6.235505935164394,215.62598042803674,Rice
138,60,112,29.596939044449623,39.27071472087053,9.463684627594366,152.90535232967244,Cotton
63,69,13,36.96807659850596,72.80966050444691,5.329890826493644,107.09486703191307,Maize
71,97,83,36.645312164032916,82.31416758814055,6.23380915648668,99.52048414693786,Cotton
20,90,159,41.23809267236672,23.871944735674845,4.152376354448695,223.5070920211194,Rice
17,84,19,35.60396104461559,59.92278663507031,6.658865876921479,97.22789667192511,Maize
63,112,23,34.81997788765551,22.878426010621006,7.9579012114285055,219.09457317854464,Sugarcane
81,122,94,16.946772740978293,88.97959345380815,5.235362311534205,127.05610315412645,Maize
109,87,184,10.885395405173636,57.70446713164897,5.398952374583582,234.74102592192273,Maize
94,19,30,26.812461383872506,83.44265956964692,8.888640162600137,59.944002345316946,Rice
31,135,158,13.13031043654708,45.744939147994565,3.5663278230219335,77.24591819376937,Sugarcane
10,143,158,42.2844164944741,24.919204038159087,7.573412534720621,211.0891998719215,Sugarcane
44,34,178,18.889381739629393,17.75649038585547,6.020861663626349,176.11232075117647,Wheat
32,61,96,38.482458277773404,38.32537450019258,5.409635286793401,76.93934275159106,Wheat
101,132,181,22.289336957045585,35.13082812120153,7.708600526360814,271.45675736357447,Cotton
135,52,86,20.047159895036735,62.222164173510734,8.841878539454115,96.99525622493947,Wheat
10,140,185,41.343518318706415,16.06301842205972,7.073709544503512,137.38417011728828,Rice
87,26,135,21.443625508600594,58.81289564643916,3.6990055804355584,76.49673422312732,Maize
40,10,198,22.382019221477147,47.774838290428676,6.452967621283687,128.18808618444342,Sugarcane
75,108,46,12.49199393052924,63.6593785316677,6.461663621721428,157.02529055602326,Maize
120,40,23,32.13154395183132,74.39718216248625,6.980310366749491,102.36725527094539,Rice
45,83,21,18.85161162381747,68.5416796933422,7.794136966678734,234.23876925058133,Maize
79,120,165,29.17902504081485,98.5840224552975,3.6236377826197788,129.83154795725056,Sugarcane
53,61,80,29.379039301051687,26.04933997024785,6.712880796158403,223.22263298852488,Wheat
85,53,181,33.82814940673269,51.02846166528202,7.265169724035781,77.82818641110472,Cotton
91,86,188,34.734403718800955,50.60799413033176,5.697461673062733,125.12897875754165,Sugarcane
96,70,67,26.702944717173573,49.941459557340295,7.777537450178772,22.44262179962744,Sugarcane
1,81,135,20.318519776598425,71.08752219805667,4.960337389626695,231.32883960318597,Sugarcane
32,49,111,37.94329114024874,56.17826478885412,5.53118293163169,194.38425311717373,Sugarcane
76,83,53,19.583324599415267,58.54397037597094,9.661634223515687,247.80023132536294,Rice
115,24,59,26.461316487532734,51.252908526977734,5.727650373511297,146.9964823289851,Sugarcane
102,127,158,22.763589895489737,99.18864380929081,5.717605679140768,242.76782114528314,Maize
102,71,103,38.55672783174515,93.69200759379191,7.312356069267938,200.4222220706133,Rice
89,87,204,23.830764883874842,40.571963028526596,9.714242111104387,21.20547912427862,Wheat
121,7,56,22.236251771544453,23.763599352503377,9.791714854099203,90.80312232313288,Maize
105,68,104,32.805864512837786,86.16783685010827,7.209810967528423,157.64996331899883,Maize
118,44,121,29.764950623178205,99.6574905471846,3.506956926751568,192.3806894248416,Maize
48,63,122,12.532189805655443,39.27658221919762,9.264201924917758,38.45393763616852,Maize
103,66,11,26.48427446076992,44.86216814463937,7.149522973293108,216.42374401354922,Rice
60,136,50,34.39464791399702,94.89796365328189,5.842377013055589,171.4660959752324,Wheat
122,64,50,43.32420180777919,75.1437996928648,8.806848902502004,166.5243810875289,Wheat
133,120,104,30.694309822167103,39.53620503351482,6.058927739841312,101.47627881864977,Sugarcane
8,79,148,21.686198712157857,63.995684303031524,3.7178848396816937,185.73926858822753,Cotton
5,126,156,16.670075673113722,95.12047495151675,8.75486222756492,27.851271184522886,Rice
72,111,193,39.17449214853555,83.77238326525323,6.993500166526479,38.20610197926,Wheat
102,100,58,37.14686938154989,77.77506356654614,5.664118644634856,224.4360452713338,Rice
40,95,66,16.940514163122593,77.36058391500582,5.105711208664648,109.78236062720217,Rice
113,134,133,15.781996737100757,29.456341791847567,7.300303740258724,116.76093714629386,Sugarcane
7,66,53,33.68675983302891,84.87518220183416,4.831517108640641,78.19360206627054,Wheat
71,53,29,19.760331754772828,37.863366800404364,5.572645673964821,144.21623861141111,Cotton
91,141,14,19.462678182996132,93.93242258216108,7.573793980249495,34.66977196176487,Cotton
61,96,122,14.099700597954403,45.4496472298812,9.141884482597966,103.79108511984094,Cotton
83,128,148,17.98634808590208,87.70149602652138,6.910498101706232,166.89858743073322,Maize
61,65,190,23.677263004224205,37.01621048017559,8.358280949114192,149.78536376990783,Wheat
110,52,204,34.302774137080064,58.294958465098006,8.383587864083468,298.4080616811403,Maize
126,140,161,20.503521685598493,23.360069823412488,7.751865297020076,128.39320268413607,Maize
6,62,96,20.235431013898527,70.77218998677212,5.073365361155313,127.90183819047417,Maize
83,105,138,18.714981188824765,85.85199388179805,9.04744702816155,160.3468086544443,Sugarcane
131,116,148,25.444271629384296,75.77093200761706,6.292164196093226,73.16135558848326,Sugarcane
133,66,152,15.086157088357773,59.04325455884293,3.7829487611884836,264.0755209095337,Rice
57,43,84,25.699949544317967,18.066430796145077,5.065521088444961,179.462125640976,Rice
21,62,75,33.305309355575204,94.19589431454257,8.399509466235621,73.66355598919927,Wheat
126,103,82,9.836709540335253,74.66045431318899,3.942453349231932,241.01479487886442,Wheat
2,48,47,9.140322434640513,78.12056522790904,4.443132173791431,29.754643229056057,Sugarcane
126,33,158,11.414277273376921,82.30412532127617,7.943051622666909,293.6476170229244,Rice
40,63,94,27.4409701481383,78.28161160199625,9.21264505425626,260.9710598668727,Rice
105,75,82,38.53503689485204,52.00365526322719,7.555884832368876,181.51366047511772,Maize
13,96,203,8.969979417504769,77.07139076997704,4.922662744509149,51.1735829452916,Cotton
11,13,165,41.395813399546896,67.76479571534519,3.8418480847971113,80.11041280651555,Cotton
86,131,30,12.498492202654646,87.38919979541501,7.436810128321995,97.96680789826462,Cotton
11,138,125,38.101026776426274,82.97080617441264,3.8033508987594495,87.27913265857494,Sugarcane
24,135,49,25.603345821406545,17.745784577444173,7.421421132427245,158.65981890919394,Cotton
44,25,67,31.74563707730377,46.67062364150428,4.943711642631008,283.0711510453472,Cotton
121,68,199,26.571767858761948,17.175174242159763,9.28979879941651,143.81323034088166,Maize
54,94,184,25.40127823624154,22.947821052454593,6.540593078319116,204.31341932265875,Wheat
99,40,72,37.854500107080824,65.74089887570949,4.933205973182052,211.83270622390648,Sugarcane
135,66,158,35.10484600896001,89.08653007360512,8.960130025974987,262.76091583832255,Rice
118,80,6,25.622397831000544,24.4689818213842,5.125826550064053,29.61246433115381,Maize
52,17,146,12.684930342982945,52.858351935907464,5.462234089759203,132.72505551642098,Cotton
31,15,112,12.816022984141403,92.26232214191224,8.839378553954916,238.59178225016143,Rice
50,58,34,36.69357323302383,83.98559430065508,5.476268990723814,246.97749026488367,Maize
43,20,53,27.222793622894162,58.73553872713019,6.125048123076079,278.2766668029273,Sugarcane
81,12,144,25.559302079633817,80.32367235048082,5.725060292856746,215.78767033735005,Cotton
36,108,48,32.483726079352884,58.994856435616825,4.244962034114406,88.42634320095013,Sugarcane
95,63,165,38.687687102816255,27.74851330514014,3.7489331983796874,160.92677630038244,Maize
55,61,17,30.68478542558302,24.8898849030979,8.13706031399028,29.201693627829194,Rice
104,44,82,35.34710700165747,30.343157488147877,7.628877593188612,200.2401573276421,Wheat
58,134,130,35.4314142392701,44.27402353855874,5.307142832333166,174.46035736288698,Cotton
130,98,102,21.197898417994978,93.94635823966341,5.391834399903223,205.78053693586787,Sugarcane
34,142,30,18.33809520830665,82.73244005011364,9.54803701125556,279.0581160077678,Rice
92,48,153,36.68050953769552,51.291093797095414,9.821095214294349,211.4690810417961,Rice
96,143,160,21.925821954091674,56.45667402879509,6.529983380695638,109.38121562329606,Wheat
134,84,52,40.23609302699014,36.96273052201175,8.635691171081561,75.50841355506462,Maize
75,85,172,11.225236246208164,74.56304836966156,8.21478960556394,258.0452563576317,Wheat
48,6,70,10.82596942022182,82.99701804429667,5.4028333408771,74.28263547308757,Wheat
93,144,91,41.05974477152901,34.67413241871131,3.8748013473310614,65.17594627968977,Maize
23,119,83,31.366231013513932,17.78411315850008,4.4123600456636165,77.70014205351556,Maize
36,94,27,22.010057604401965,67.66728242906656,8.865082348804886,161.81040803472004,Maize
3,27,85,35.07610243560316,62.40728860989664,8.1797684479762,54.76136543127684,Rice
107,66,52,32.196972987778715,48.66263998597471,7.751743004558579,281.27833140506226,Rice
125,117,128,27.285796429321948,69.3817108099641,4.33615252285855,289.10840672491696,Cotton
19,132,134,12.240792324660267,61.3875596373268,7.595556399683359,291.2090557686586,Cotton
49,66,88,37.063849637787754,35.674841114122316,8.44177492155594,31.08843318132802,Wheat
95,42,24,38.93760703568574,48.285373210867306,9.007851199105861,283.52677161939283,Wheat
104,65,191,14.79147036163219,50.889332927338614,3.5846801868391567,297.78057574742945,Cotton
116,133,50,38.39780548880192,89.63725312655582,7.880640652022257,282.4780211308491,Sugarcane
97,126,135,39.349086423376434,96.54948600885183,3.6222249958605084,206.9222974737611,Wheat
65,114,187,27.920115707640356,90.73021675737981,8.023986211478007,215.35235141528577,Sugarcane
78,17,16,31.63503046054951,75.83355666125465,7.567976734284831,54.22299316678048,Sugarcane
5,104,44,22.1018587365043,64.33387727001893,4.449426322681424,263.5168765499621,Maize
38,139,70,18.606349333322456,73.26972215943235,8.403179208608833,36.797696402187114,Rice
114,26,104,33.925013513917236,94.68166021679146,3.9374247564140235,108.62441112368916,Cotton
124,78,82,38.79325518575013,35.62489160868238,8.788952151965654,296.03750284474046,Rice
11,136,20,31.561898842860014,60.059827507610805,5.176347167028665,137.73384875436358,Cotton
130,27,87,26.60335325049991,73.29940722833496,7.908651918724256,56.7007771295315,Rice
17,123,166,14.330581886177171,72.41146801349034,9.411611782539971,289.954704448259,Cotton
39,74,48,10.660363198647673,35.82030683573488,5.674892957910073,294.08606377171515,Rice
20,88,138,24.310074300586777,64.48289189730174,6.718522098818683,72.25397930193421,Maize
98,105,196,10.517364816670261,82.40975630540741,6.463955417282882,260.8748999723895,Sugarcane
25,88,104,28.612845190371434,54.914268590305895,4.508712634002356,128.85481167976008,Cotton
7,32,26,22.118975857858437,82.1856451730816,7.277996867140875,126.33484366665265,Sugarcane
99,140,22,35.150181364932536,45.041938627565344,8.255212278534067,93.30875095690773,Cotton
86,5,16,19.436567689899185,94.65174289793414,9.367998905112444,32.6428694086277,Cotton
41,67,184,29.435797993666636,59.957667350772965,8.945136650556883,94.7869001595977,Maize
13,26,127,27.511386557077497,65.27273938292704,6.764124030259403,35.166112754188376,Rice
77,74,121,8.963992408173993,16.887686446553225,8.101709788876384,277.4527405019778,Cotton
1,129,55,11.319151059598001,28.792065051920527,8.625013845592914,204.35686312689634,Rice
118,100,75,18.904813794513515,68.44243355636853,6.6583277679254325,266.94708349956176,Maize
36,83,52,39.50178081952262,50.182890861740646,4.238736388507314,219.8219966532598,Wheat
68,9,23,13.916120430512294,57.74963684226557,6.302756888623174,56.7371362222985,Sugarcane
40,64,10,33.53912270002685,19.596649728478127,8.891859444490017,281.9638416734334,Cotton
61,124,88,42.6731565020996,85.68538993176993,7.318504994519904,270.64023682599907,Maize
59,50,159,36.3117508336522,81.43213011678583,8.13653361285977,117.06957247985824,Rice
124,138,57,17.25449858670913,30.084835719362502,4.68571534177656,51.23972861987157,Cotton
110,60,111,40.41111106237524,68.56202591695741,9.671761716550437,216.16626714454358,Rice
13,114,105,12.040129046491975,84.3296136387711,6.086115388757181,222.90295055162986,Wheat
83,108,52,25.091339577101603,69.12119949081692,7.683267345393466,269.78752317916883,Cotton
129,81,139,39.686458388879196,40.8011167668539,3.6207824293798736,34.854097855235544,Sugarcane
69,6,191,31.116046682139068,70.42872559597893,4.314843278433864,59.63617812301759,Cotton
122,12,73,23.19483085252392,32.236571776451285,8.505019327263483,186.69263905827643,Sugarcane
88,79,15,18.989887762453474,41.47445326684637,9.69500445132963,192.50431060714396,Rice
27,129,147,21.85345930507858,34.77396927128521,5.548354272355061,29.55356902226625,Cotton
65,42,196,26.51117397912316,61.928481274840706,3.737956703624095,130.66618981045954,Maize
4,31,135,19.902728759573698,23.475023627807516,5.809546252672881,182.77220981412447,Maize
44,24,126,42.520081600464025,94.18469959585263,3.611796033785617,225.56072401612752,Wheat
46,144,73,41.27110232670185,42.78200870890768,4.731187790479803,108.18473752190884,Maize
30,47,27,39.09936709385836,32.96573989296718,8.315820896343926,154.87034210797847,Wheat
138,35,185,23.479678276188338,56.754319025676935,9.497365747881576,246.75147096443217,Rice
9,95,41,32.857301572865964,37.938713041569166,4.059674139960874,285.66899628274115,Sugarcane
117,65,13,40.21845988485157,60.041280202992624,7.070564984387259,84.29657416099401,Rice
13,113,19,38.39494617122669,44.06723413632473,5.124837415193804,90.62164587967713,Sugarcane
79,95,135,23.218580087903227,25.5181256829068,4.389978405081149,281.75140156284755,Sugarcane
92,99,97,12.711034516414673,36.987222241736355,4.901473471305968,130.38207325725483,Wheat
9,17,202,11.431936661442322,51.77429471320271,7.197683631985328,220.1163387141227,Maize
75,117,21,28.88182877385445,16.796129509303917,3.9168608092413506,190.59341315552456,Maize
93,39,158,31.163452145340422,80.2440645651651,6.278999015477872,99.67905128668588,Wheat
104,52,153,38.37452263997643,67.49036518539863,4.3654582461130484,202.08636637091834,Wheat
0,39,76,18.97952270786788,65.73651834375497,5.245133135324681,202.64399023632566,Rice
132,90,153,14.62797307114148,60.99647916235304,4.720827710356889,185.0769384993459,Wheat
19,118,125,21.989402994601342,64.78983886825837,9.151043198917742,47.93560755561944,Maize
7,104,15,21.10441430240317,94.29967234700881,8.031272517576253,297.1563181666947,Wheat
0,103,170,13.409919599821347,14.934381366480476,9.05816050526381,131.63590114384127,Wheat
56,7,76,32.1954363074577,18.296435117669112,5.954162141105233,197.825249235982,Sugarcane
63,89,110,26.502479537382282,30.61098523106976,5.505845535063489,266.70747947154194,Wheat
117,129,129,33.89507191279387,28.537728265412962,5.935758047345709,138.00118632724045,Rice
27,142,39,21.073650981906766,29.728365176508955,3.618708452636208,235.58334330898415,Wheat
120,87,123,20.13443696290404,71.78559101722932,8.138107360950773,290.65873738827867,Cotton
106,29,18,25.245639685926175,53.57771889999917,5.738543724128501,120.09154377842334,Cotton
48,72,18,39.33377561975111,99.19544987328321,5.505272342891467,132.9865213957706,Sugarcane
119,65,14,10.201789474342517,33.64412289861237,7.328102818371411,272.22181721874506,Sugarcane
43,33,144,36.80818204191723,40.83813965805629,6.291999434942825,64.62861011296543,Cotton
55,131,42,21.640768920489926,98.54942942990132,9.777397556632952,28.157943515432798,Sugarcane
110,23,112,38.54074209743902,85.48167266675257,5.780019474552329,273.14381004950786,Sugarcane
133,78,123,36.71666470748781,54.461793212150255,7.428933390130646,248.8489350769226,Maize
107,65,38,20.936891409383875,61.72895309129132,5.494567043901771,290.8698579590357,Maize
113,24,173,32.94690342919223,86.46034779994844,9.839807873348203,36.40757492838176,Wheat
77,52,14,14.355219935715716,55.420007086170315,6.34871062220882,63.664151061726756,Cotton
129,91,126,39.990598015299824,31.856233110984626,7.558424389547539,49.508485194693804,Rice
36,143,149,22.876289042926444,85.19769695411084,4.311018694097133,210.3947096173393,Cotton
19,114,149,24.655771414360967,60.28710250232264,8.191354975127412,188.85260352382994,Cotton
25,32,199,33.36041497608707,27.315750576939486,5.222944370403981,120.20298598947437,Maize
28,63,194,37.36524023732881,57.52870573250287,6.3711248181099,36.18095431764479,Maize
0,137,119,17.024727467821695,49.6115297171508,9.152051598895731,198.21793016015235,Sugarcane
118,55,5,31.81498486771944,89.34540498226666,9.711536095264648,178.86453100752027,Rice
34,16,16,22.441531927342368,25.00295046761228,6.217261451778285,51.62096363816936,Maize
58,54,107,21.630861755337854,89.2054802411958,8.8427370749088,273.14957075503463,Sugarcane
68,136,8,32.81289867313478,58.096484140641394,3.8414335651191087,75.56770420171497,Rice
11,117,174,22.273977940626516,48.85403164938435,8.92447379065768,227.11859704163524,Maize
19,18,145,20.844575805721384,28.080587703331986,7.5288660617769585,266.5166125457025,Cotton
42,36,102,37.88891660279323,74.26009939813483,6.627719477706252,181.46788991005906,Cotton
125,143,110,12.324409109319022,93.62733497073047,9.195767712878386,88.89805034450335,Rice
49,59,89,32.32106327449133,46.3698392291717,8.910158224041048,106.26386245507685,Rice
28,124,125,17.455643703913736,34.90383455749043,5.400448614102861,266.70353863395104,Maize
38,79,136,9.339338815551423,61.752094786827755,8.56552564700645,103.20496661957569,Maize
37,25,86,14.603396556769683,82.43313578078269,4.136741975439184,227.8648115072058,Rice
83,137,201,29.911821236200197,14.522891422980681,8.76568918699117,295.7629785706793,Rice
127,91,23,33.47762626371062,68.30904629908828,7.822915955348804,298.44899299863323,Sugarcane
125,63,134,9.532810867759938,65.32142125987266,4.0623445179644335,168.66741394335492,Sugarcane
44,93,16,10.067605426899862,41.46564232341652,7.871713110234467,250.23047824557102,Sugarcane
51,87,85,40.208465596534765,52.88695140894596,7.215323370728769,295.7865382424698,Cotton
79,69,78,11.35104247035745,35.36474831066805,7.3051206473282875,124.47146524302366,Cotton
123,68,102,39.91753911985668,81.89320774247294,5.36152918483007,90.44558752506613,Sugarcane
118,75,10,16.740173798531522,68.57964378947543,5.20558208008221,51.99114293087958,Sugarcane
7,8,140,34.552619445505805,59.85338600874104,8.38022471714573,59.412369275751004,Rice
84,108,129,19.57871706332122,47.8394952044078,5.1436062785103305,257.7447359956306,Cotton
128,97,55,38.684570491199594,39.17164188197674,6.3560784115833515,184.0416360324587,Sugarcane
7,116,15,33.175829316767654,84.70851685392208,7.946649591032222,263.3532635117288,Wheat
95,123,195,22.78310835933899,52.88563735615686,4.0095440084956016,239.90535127765247,Maize
101,63,189,11.45532540525797,57.174043880431356,7.305109648714606,207.70313054236334,Sugarcane
4,47,131,34.297966398704084,58.83502220734155,7.272008784947951,189.77158300767934,Cotton
85,16,144,30.267589507588315,52.6250463664861,7.879063749683364,33.65271703276326,Sugarcane
33,44,77,8.90132778061585,36.14677812863292,5.867539809956215,262.95418704768844,Wheat
54,122,6,9.127810987841098,24.51317572882956,6.373470554008574,136.48544576546448,Rice
118,24,12,36.945995467105746,22.644643796275375,5.6118036092460395,175.98868232296837,Cotton
113,135,143,17.827110910304512,79.11453825029702,8.672276782008165,26.309659572374866,Rice
25,94,128,30.937451636936686,33.35633437123953,4.335908864231248,280.70925556841365,Maize
135,98,57,24.606661807830612,18.971160241555708,9.662905302882113,271.432670321904,Rice
46,17,14,38.847364505357504,82.54724175383744,7.562951398266992,171.39427572620878,Sugarcane
112,70,116,40.71024673596661,27.403083650157534,9.176203036109925,180.86582751075386,Wheat
75,41,12,43.48890840122412,67.77502006154845,6.2278813328944915,216.4062902118909,Rice
71,70,40,14.14820792609219,43.22172836308188,5.626586050508779,93.86458967818056,Wheat
88,40,110,38.831148817346545,25.03935799844522,9.264645184793494,81.9591178011121,Cotton
45,30,18,18.057543910162302,49.72101992209865,4.132787384808338,207.78058603923438,Cotton
32,79,186,29.360392446363665,15.469119399065974,4.249486281633778,49.26076676602415,Sugarcane
0,112,90,26.40089461864854,86.27755500132642,5.415819369501935,146.56545591451686,Sugarcane
30,47,153,9.425986978719092,58.20677528699716,9.64255988330444,157.33522599894675,Sugarcane
52,12,54,41.26044054073209,26.12601293481233,7.551639103136686,126.32608067549126,Wheat
47,33,171,11.525781519192803,34.509213285935985,7.046839658338548,71.76013329667957,Maize
68,44,24,32.750018395389205,52.591473966271735,8.014280552674691,119.08451636174621,Maize
104,132,91,36.11823790004752,30.38610610729252,6.171837158900264,114.14218366587323,Maize
89,88,139,36.476017146859405,37.218948140643064,8.351670409093115,159.14563725474721,Cotton
62,120,141,13.5152092587238,59.996842854962054,6.016676467026416,207.96367821130193,Cotton
72,66,133,24.375434277677428,85.55459241738964,8.788724383081373,289.65983487733325,Maize
88,11,158,37.6641246911025,48.63766106362621,5.210688525289629,60.320635306515555,Sugarcane
12,49,170,19.333236521180662,75.64478094353909,5.276298619507355,263.1606616966031,Rice
72,92,42,25.077653903038293,89.33183709357758,6.843253154731105,99.28673750861003,Maize
76,77,193,18.293227465954633,32.736990583381086,6.256871413515105,184.7790418913912,Rice
67,41,48,24.931589342409282,83.37635186346512,7.647941403422051,172.35689262391048,Maize
97,123,90,39.69675970623223,79.10936839696905,5.831460829910906,175.19874490424556,Rice
124,61,48,24.638323239940377,44.78952643415517,4.975524154050348,221.51070164134563,Sugarcane
101,12,78,28.145738194186347,99.00186052922432,6.5067748024505665,126.42385548994557,Cotton
131,99,123,22.858374658947305,36.70245223206152,7.090121596781736,109.00551976881692,Maize
101,121,194,24.812077975475727,36.036639898916306,4.412640344510018,257.5438617175183,Maize
18,114,126,9.328062126815476,80.38261041077905,7.062999204692258,81.45244970832942,Sugarcane
81,24,138,18.67434374662387,51.450132156977915,5.54324291358654,70.36247218369112,Wheat
22,128,149,23.99304391661549,42.549131052735405,6.011692063158451,24.5435496211591,Maize
82,57,55,30.856134764546965,29.511402417561122,5.287636026005,78.80379673872268,Rice
108,123,42,24.461807183275447,79.78898933109043,9.461026097875584,164.50729789203993,Sugarcane
74,16,156,20.55603310759043,81.58777878586181,7.873352200193369,170.06701935982778,Wheat
128,21,55,22.30583598997667,62.75453507682303,5.179745992964373,91.00522269971721,Maize
87,68,14,17.231807856176236,96.24177665050065,7.628200541132482,40.31390152246592,Maize
53,46,124,40.97240104053704,41.46659227522147,8.930863421325096,227.43353362287087,Cotton
88,98,204,26.956664257523826,33.0213521975792,6.070433333329719,231.14453950488803,Wheat
64,15,153,9.266648994749884,72.25890209768339,8.811728058599567,297.89786908794156,Sugarcane
75,102,74,9.476729793000223,79.1956205165347,4.488255643775951,270.67822947981193,Rice
59,75,89,42.659064896331046,33.47444167629118,8.765800735143475,277.9230725552599,Maize
92,112,61,16.50649101978893,20.765542497177403,6.957883153103145,242.34012470453902,Sugarcane
48,62,130,36.83516845073815,83.66126290045209,4.927036723263885,191.4944440963495,Cotton
34,38,43,10.827980494307992,97.88621914146327,6.105704861157833,55.974340001335264,Maize
101,24,37,40.8564632369703,69.44841491639477,9.823155151658348,193.38979068197077,Wheat
10,54,191,39.2297117276004,38.01319334233173,8.514758506511527,35.772515953390595,Sugarcane
98,106,22,28.67404205272111,99.61484255297428,7.180552712864738,266.5787426667728,Rice
109,142,188,9.113153273457302,90.75295072808855,4.237049036188964,154.29087764577116,Cotton
73,56,61,17.771818416012145,58.196721386221185,6.173994130569602,214.3066891388652,Sugarcane
8,19,100,22.957428129466578,84.93003411094516,5.183529689676399,34.739411606586785,Maize
2,88,52,24.810231262815147,84.11581884363626,3.9544069088344975,168.8813360994223,Rice
84,135,46,19.159220797970548,94.31227170101891,6.970108087803617,104.0416036225908,Maize
25,41,31,9.946585814944443,86.26717341138553,9.190788478981608,99.50666835467547,Maize
71,130,78,29.336433726243666,69.363310521529,7.823839156314401,128.6412410618957,Wheat
47,44,114,27.040582435777505,66.41732871457268,5.097954483075272,20.377961957486864,Wheat
116,76,184,18.648422112931904,54.25251961001912,7.170941484504251,150.0717233827243,Maize
11,44,174,10.121563671422308,67.8898193454939,9.536699413420601,155.61150804808923,Cotton
132,60,36,43.41187771532351,82.35006146565381,8.126656338706788,260.4093338780115,Wheat
47,108,30,25.573119301558926,97.24652457412883,7.912632956203289,145.02467667369487,Wheat
36,143,29,35.10894761373788,54.24652659620769,9.696212263856104,121.37771658337336,Wheat
43,114,79,24.540528419786476,63.36207949613649,8.61278919157776,297.03810439417356,Wheat
14,140,27,10.302326122030363,52.31983092653759,4.3743906758320135,179.1686682368747,Rice
42,97,61,19.574105928975403,71.48947481827773,5.724864556647689,151.728255962881,Maize
86,98,184,19.93983290700536,68.18418719804994,9.676900484721191,158.21894275481398,Rice
69,60,130,37.97468106090575,15.728355819593517,6.634114522867186,245.39515509670045,Sugarcane
45,64,91,31.567203234395627,60.577545614926436,4.214479650055586,115.01023348439577,Sugarcane
107,142,35,18.384960646653653,21.7833269614055,6.435071229902988,128.50335676549867,Sugarcane
122,43,68,42.4773504221362,16.461076063074636,7.960756698053125,230.5595559036166,Rice
20,32,203,19.989655767445925,82.00559679065864,9.884308618759944,40.511374734512046,Maize
106,53,37,43.538544098839466,36.36629318705205,5.572994026004492,260.9765767112689,Sugarcane
79,129,6,43.46649652232516,43.39414012352155,6.790155999227352,139.92541042703604,Wheat
46,17,22,15.454126017586615,19.692049157668475,9.129956509758681,181.97383508322196,Sugarcane
116,40,179,19.683390843356328,29.583172324365847,5.7737101955669345,231.0056151220121,Cotton
123,105,165,25.714338107265966,79.81233292469281,4.199273962181486,94.24225001486967,Wheat
24,30,88,31.910703355946605,56.49559215093561,9.573189600009627,267.97444417563725,Wheat
35,90,39,27.176051225332216,89.67328724054772,6.626021162966401,292.71830977901476,Wheat
50,8,183,42.53656312580253,48.24365066670778,6.71781574894062,157.75655477932446,Sugarcane
14,86,118,33.99482291540206,37.22765305414079,7.475680925466766,280.94966868859296,Wheat
67,131,150,16.17916075852751,43.98930409910639,3.5226343917006373,20.5140956492593,Cotton
20,92,114,12.457394747434613,75.28454270439872,9.459239523640635,269.06638798756757,Rice
18,131,92,32.75636491668561,61.76398611906545,5.813286942557067,106.76391248678834,Cotton
33,124,76,14.314144918290552,91.68918648724308,6.040363919259832,106.88917670169162,Maize
77,26,129,36.211154043684246,65.8058635366273,4.614299184212704,83.67713106547413,Wheat
124,134,34,19.62407602065973,56.45166046686482,5.9201703250717514,108.424968690296,Cotton
116,35,176,20.175885554335107,81.53900843709302,8.645238596966735,79.61275964333015,Sugarcane
51,123,57,9.175784055155017,95.40365100785625,8.619946704355424,272.30337228606516,Maize
26,15,142,33.19519209490741,44.69599459369398,9.489099781730898,270.3983032834799,Cotton
34,50,91,12.741787406651065,35.61439121118144,6.080668625157093,48.64540894240925,Wheat
135,100,184,35.69624409573043,67.00983086240772,8.03581762399094,59.95750075354485,Sugarcane
105,14,181,25.917000202718796,56.953400772887605,6.7463203533283655,260.09978723666853,Wheat
1,132,143,36.092937560419,98.97320376591195,8.645745852922438,131.2243816338852,Maize
76,103,198,29.120643564081394,53.82440490146075,8.060268858451181,67.30830780352115,Cotton
131,116,190,11.668677866260879,20.57021395158164,5.854578721832164,162.31929469809666,Wheat
89,64,168,35.44470131734037,97.96052850864339,5.654712539223632,136.15871829276244,Maize
88,91,165,11.22902207433729,86.4954012373664,5.1156317633789925,81.19266040527572,Sugarcane
93,69,179,25.45881987581276,29.47603733719746,7.189701059127282,220.78534234666563,Cotton
6,61,17,14.797752652244723,91.7246701917729,9.668594250200702,195.887815622199,Cotton
94,110,44,34.981264193630395,43.39514654442351,4.780427120752423,47.93582705247911,Maize
107,13,93,40.523374727653206,46.518497074601896,4.109615711387681,277.7351225967428,Cotton
73,26,72,28.083590484867944,91.87775003843706,4.264164109288407,175.62219146267824,Sugarcane
38,93,46,27.144725841611482,59.63090392352652,8.511831528000961,89.8319087497837,Sugarcane
70,22,151,35.3859192321315,26.00628304945313,5.740670747421207,77.61101213463876,Cotton
55,119,98,8.976742691555307,45.82811285559261,4.93594769723123,58.03432321588369,Wheat
41,110,23,40.738000763703596,76.08375114515738,5.758202357590401,138.37659019843463,Wheat
35,19,190,15.671218834771384,29.127584917429033,7.63011720210894,57.921063943179874,Sugarcane
83,67,27,43.04733715715305,64.78281361772494,6.999437598901016,135.92170762525146,Wheat
117,17,58,34.421637389024085,73.78499319333653,8.258972201735848,61.60281017755496,Maize
6,85,69,35.74393993998335,43.66825142399905,5.670074550283369,202.98953324009838,Rice
53,36,144,31.63586371700151,73.66557502230323,6.392982870173986,238.73285463531352,Cotton
128,141,28,25.213878760923578,89.97657005177261,4.15259756136271,173.13218063558372,Maize
119,44,38,28.69264372896856,54.66040498078874,3.9675753346098013,209.4598282721179,Sugarcane
105,86,57,10.414820433326373,47.01532942500762,6.458433554202243,281.35080253049415,Rice
46,81,140,30.513790928234094,35.724274996405086,5.4302182876539105,197.85879667950016,Sugarcane
122,80,22,30.588213949149225,65.98040962428517,7.421923661671237,121.54522655457454,Rice
118,42,61,39.81378774958297,89.60332051691796,3.77521385884526,145.290328159229,Maize
117,75,116,26.396841238571636,42.02347059777113,4.279304816637219,259.6841704158479,Rice
20,52,9,11.484624218194924,48.15738445284691,9.03722119108093,56.57946476381183,Wheat
136,22,158,19.455618032776428,49.047806854033624,7.124394377722269,110.85261334795543,Maize
25,43,162,31.61590354157825,62.261617690333225,8.057149015623853,180.85704319448573,Cotton
8,93,186,17.126208423750946,33.774648006329485,8.888621559726694,208.43921716636729,Sugarcane
14,66,17,18.562368200567953,84.66349600987026,6.468539794880334,232.68179269264357,Wheat
9,113,87,37.3523217693577,39.533115182111764,8.370786457391848,108.75695132571106,Cotton
121,85,33,29.13432666534227,74.64958260984564,6.857347706070556,60.79259699474653,Rice
120,138,7,26.49675462572032,58.1825890705076,4.9255921297517045,285.9317520529866,Wheat
124,81,94,19.88212844484199,64.41142460733127,5.660999480326013,41.459954027846585,Cotton
71,94,108,34.23629565046956,29.592468917499858,6.638242822756229,46.86263051549021,Maize
48,18,127,18.81260152025302,77.19148808386922,5.528067533902533,157.94250941131793,Rice
90,99,190,34.44981041401729,30.364778481953486,5.647377224639349,248.20312713236342,Cotton
36,58,80,11.239531513306982,23.92469074467153,5.659314119992105,235.74449279868742,Rice
67,136,134,38.88603868705651,61.05043314046904,4.286175864685466,281.1617057818158,Cotton
49,43,112,26.18491292548246,74.98676463384392,4.041712686158409,59.60799679309467,Sugarcane
18,76,160,24.060078981124157,18.48807118245865,3.7975746540243476,124.76489564047596,Maize
99,29,86,30.063614721658972,20.147178490404457,4.210120070619755,98.72015442325191,Wheat
59,81,81,30.52188413679021,82.98960424389726,5.699725389667956,259.78015538526523,Cotton
88,124,6,13.394824155771847,83.53410234777836,7.300779557011566,156.10909082425806,Rice
68,57,131,35.11692892560422,35.22261425196326,4.7041403341402175,27.671780147879947,Maize
48,135,139,18.40230476866219,66.92505697997744,9.183256614416884,217.22649442312576,Wheat
107,100,30,40.29267342991301,52.18053243989732,8.673647559932476,128.3746806251435,Rice
118,76,92,37.26120308683617,68.42205074828107,6.831373521978648,168.01814424615273,Maize
36,66,20,20.850058245409247,88.14875464730359,8.134942917205503,268.9410409368825,Rice
10,10,155,36.909327403384864,21.043695586699382,5.844502558072055,91.6501226803115,Maize
137,36,172,21.202389375636663,80.87326530721054,3.7353778734917755,87.0656592228689,Wheat
77,103,192,12.312979320934215,56.45259425745307,9.287730224208255,93.44647391331887,Wheat
76,142,77,42.27371070765463,62.545679080403104,4.317878324850061,114.29545396757527,Rice
1,135,36,31.51055012949731,70.2419175534672,9.56679901682977,50.07661114400953,Maize
63,80,19,24.672263527858192,93.2688038803645,7.1600485649031045,214.23623160303043,Cotton
34,63,145,22.64251263328018,19.060900019383936,5.455603590537152,77.9190631718487,Wheat
6,35,9,20.099745632187584,16.726123377065164,6.6713575891958055,277.94636146540404,Cotton
84,97,78,42.954376320933704,29.477034673587887,6.710430777107803,80.22550116111702,Cotton
66,73,56,13.489204826555579,98.73857012049132,3.6490373084325243,91.34517675663211,Sugarcane
41,56,81,19.755216050435777,75.48204468427538,5.774943052058488,102.86072967805019,Rice
117,93,173,25.69531788183669,66.87474390297082,8.235141117074672,234.08415239827707,Rice
124,131,185,25.434384167890038,18.231246877643894,6.764442809284532,139.2028854551169,Rice
23,35,114,25.203553657392952,89.53974618762709,5.063072748861339,248.22082586772117,Maize
45,88,182,14.917276790897287,83.85326232756658,5.6447031042364415,238.62478814861595,Wheat
18,131,147,13.84365194341062,71.17336375940918,9.023548115942074,278.87718465618593,Wheat
67,136,110,17.665912004235977,43.26351088703902,6.86351788896147,230.76293636545844,Sugarcane
101,17,131,40.62551015231155,20.24227469219965,6.881453584327911,34.64687851890019,Sugarcane
41,49,11,12.734243280640953,63.909298413109056,9.653391737926466,253.21537847044794,Sugarcane
31,131,44,35.1583935973917,75.87782477419377,5.553640953834518,281.26560366311594,Cotton
108,118,160,35.16268408104132,22.276398035900105,6.569063200679862,296.7437022865729,Rice
35,24,164,36.980010055624724,68.5138884447311,8.694967025413337,55.06197144706505,Maize
96,85,103,39.65421901682957,38.741572017929485,8.35703839287699,190.87395085357457,Wheat
130,133,147,17.953658978354774,79.69572975853787,5.201116300343505,75.70934671556157,Maize
72,21,89,16.61466953055759,60.44507839657743,4.46698270467447,93.25643306597631,Rice
135,62,202,24.999597195156294,25.258452715354423,7.984509287599157,227.69612132742137,Rice
96,76,69,18.025103072570857,59.32271667073833,5.148999531566046,292.2849258356485,Wheat
122,113,136,34.353987616612145,48.114649190527786,9.405125302555144,185.74828605715928,Cotton
69,27,15,30.93069727060189,29.656506481737566,4.327185241531047,256.91765795153145,Sugarcane
12,76,112,39.24957154423227,86.31789755212397,5.537217280862571,22.67236260556281,Cotton
48,12,30,11.679292961350091,15.145138036375972,3.850638380319448,30.394585370149038,Rice
59,63,193,40.644900000861,40.94939332845368,8.00115396392562,186.26838307778777,Rice
129,115,169,19.008532208119114,15.279394771119872,9.20408095305855,128.4539971754022,Cotton
4,17,155,25.876163238259043,22.427795315577285,7.569596974918445,267.81959990702876,Sugarcane
26,20,89,24.0636779706996,39.661145983133046,9.501619299273496,104.2415664117597,Sugarcane
7,123,172,35.25884545843395,18.851040587869317,4.322425462407741,140.4398009543764,Rice
49,6,155,23.42759916822812,65.331236623007,4.061497134481273,167.11712975652543,Sugarcane
66,34,127,41.63564946859944,21.644151214415864,8.865841479471174,96.1867071922427,Sugarcane
43,107,148,40.208179115822425,74.33685843946436,8.97527152247365,273.03412161225185,Wheat
124,17,193,39.15120808853882,18.711429052147707,8.81865297348562,149.4796966103484,Wheat
57,100,72,11.27978997615833,19.282772284453994,8.613375376215973,138.24250601782242,Maize
2,98,108,38.528180542077095,40.36642954715093,5.818261529207426,256.68627351842474,Cotton
85,86,84,36.000913501423724,91.03617968986708,4.891757334984882,107.02358917861015,Rice
69,17,163,12.40225055581336,69.16740141558823,9.444345727985857,247.70060537740045,Sugarcane
129,98,57,12.538018525180522,80.2002517183084,5.464801170229338,54.22853491235156,Maize
1,116,110,12.320500640810433,26.33101578218799,6.0498091658498065,71.07004883545157,Wheat
101,59,157,9.194374243516167,85.68454962928898,7.977177340490452,284.81923569559376,Sugarcane
34,85,48,27.892473820771507,14.898133470245952,5.3774789119615205,254.65313669178514,Cotton
97,120,144,42.6741213419743,32.459014957818624,8.742433417990409,128.15226427531786,Wheat
29,112,94,24.066227660912816,66.99911192255443,3.9482215912434,197.8824296779493,Rice
115,57,105,27.618361065680002,46.35861721651011,8.56356907128918,282.628603718635,Sugarcane
7,132,101,42.485348927594444,98.5453736702809,7.351848464753947,79.16033266707466,Maize
43,61,13,17.680341561343226,16.800073452329872,7.167159322326995,36.62261386306108,Rice
35,56,16,38.674764790419545,99.77986299216175,6.433613050487429,169.77736235182644,Sugarcane
76,141,73,27.814388258968417,67.64490527621479,5.2730918162139035,59.88471133207801,Sugarcane
30,115,186,28.617782710272774,62.08118943688547,6.470049826759915,72.3309035015757,Sugarcane
46,5,186,20.742450230813468,19.300216327732603,6.3801824769195985,268.3153565022986,Sugarcane
54,48,32,28.3431357616484,37.62428473026683,7.236026808211648,22.26038254087326,Sugarcane
105,79,60,11.345359329844282,93.44359238658976,5.302075429475393,247.5210133648946,Rice
120,102,103,35.4095963269711,44.558882473318235,3.996611724647354,164.0674010541996,Cotton
54,13,201,18.707134101740653,70.9036792800434,4.428572458490485,175.8516280816871,Cotton
11,36,114,39.688769866389634,99.85683723088445,7.974735561354066,207.15302339500568,Rice
139,19,81,21.601204172339553,36.74507447553448,3.643950909667459,140.27114135931927,Cotton
135,144,107,13.770279044943514,63.570131331542115,8.981235485730753,52.37478848394902,Maize
2,140,110,33.01667878802327,73.88471883457967,7.944142895871446,48.814868284882465,Maize
29,76,113,14.527319436029899,28.30855503065608,8.415753864369385,230.1390000328912,Rice
22,16,116,35.028081940896065,26.941238708762803,8.850300474198239,81.71408037128539,Maize
91,69,62,42.490305826932854,53.30558802910545,4.285346841153159,28.02069855079038,Rice
114,111,82,35.92843983407511,47.2641331147711,8.763686982208425,292.8265453362353,Maize
103,46,79,9.5812338454101,75.4082629386718,6.729711601017961,293.04295983808095,Wheat
117,119,46,29.67602542423656,20.156901713143842,9.167352568020462,125.43673418277395,Rice
4,143,170,33.000291349746405,97.51467965457718,9.174154246786198,27.303285940244606,Sugarcane
103,107,72,37.52594973771072,15.423537330475833,3.6547394800266892,222.59775448636225,Maize
107,99,185,10.748880351077206,65.73285184560815,5.950337379094649,251.47065643316174,Wheat
64,21,37,25.507752412739563,62.41761346583519,6.86895229353775,54.99130995922985,Rice
120,89,75,27.43090636781612,25.7451381355355,7.841504574610573,57.898132529240456,Maize
29,60,60,14.685545220017396,27.1334997185495,5.331591978778457,249.02493911561683,Sugarcane
83,138,109,20.021253377930606,82.13246070399951,5.113710468253775,276.76682627944984,Maize
31,90,204,24.11971607371455,90.26410268596695,5.9401006021699025,240.26707104641582,Wheat
15,106,105,37.795697140931495,38.454553976239055,6.706007627199325,76.06731935388008,Cotton
37,58,55,41.1433832992432,51.733511711592115,9.587335880994646,134.7263553685437,Cotton
35,119,78,30.669114446335016,44.6230750169869,8.3774941868636,187.41444711848388,Wheat
113,143,175,22.544092473546883,20.417279012956065,6.247655468401314,64.80967376433662,Wheat
65,92,125,17.640279419404713,71.89360388355487,3.847943542017176,78.81067369962706,Rice
104,53,147,42.97830441837803,84.91903451284765,4.57853178972006,98.92719385667885,Cotton
84,119,170,43.00909593305727,40.32816092842644,6.41791631564427,161.9975431219398,Rice
1,67,147,40.98919779857921,99.05806551415256,8.708485760631707,162.3570001015115,Maize
74,108,9,36.14128641574811,20.700478459097816,5.936451428335001,246.81816473442387,Wheat
66,87,87,20.137128122347512,70.91546417390444,6.9463785647683824,229.7627388513662,Rice
54,107,186,37.231616825717545,52.61314084488582,9.207551270944654,274.4926383830969,Wheat
5,21,55,23.025997001036806,52.47378292484041,9.348296060330426,251.99654946208517,Rice
85,10,14,20.171703815795574,53.4202292940744,4.880959977233212,90.8541216934637,Maize
59,32,144,34.721314474626524,36.369028014782415,3.779007499472604,112.39989089730317,Maize
100,42,8,11.571956681190716,75.52373430237232,5.454627398217696,159.46778870293414,Sugarcane
11,123,99,10.489982770689027,76.0391082854868,7.953134814884993,24.17165674906229,Cotton
48,41,150,24.38878866190526,38.40143233606938,9.587118086248106,271.7559283487597,Sugarcane
41,119,84,24.308230268611233,85.78576369556919,3.993004799898329,32.540994356099006,Cotton
81,72,40,39.96841652662145,41.35361167083328,3.6822963875153376,109.9354056682699,Maize
34,47,29,13.190127750816025,76.34048072564667,9.15854216310862,178.60134438995996,Rice
133,62,102,13.090280675343966,24.569680075784092,8.288129722260104,164.31525844929075,Wheat
66,17,168,13.93135049652656,28.657730788281004,9.850390906595681,202.33618817344092,Maize
79,56,105,9.83482189305217,41.26368673435712,6.039474441380181,167.00886478437837,Maize
6,62,199,11.296264475958813,65.09498188913572,6.1627257928753245,83.93109677315448,Rice
13,36,13,31.763471365650556,69.52033430552453,4.602795758703677,76.16005966303454,Maize
72,109,65,23.819134653289318,48.16772393761259,4.241421776622966,272.68685932371125,Maize
65,87,57,35.37338673466287,20.870815421571052,7.203795267777523,93.66194283351541,Rice
90,103,150,43.342400606641775,46.220489684346475,5.831424008286929,98.3959641886686,Maize
129,108,175,31.734406902245244,73.2273761176993,4.014025266849568,135.1247909847259,Cotton
19,32,167,10.555853857580306,71.70431101886808,9.176717244949248,59.00568644583775,Cotton
9,133,67,12.438787693451085,27.928832611706444,4.769481396795731,161.3740326029878,Cotton
24,52,125,39.45894215155183,14.867086252050484,8.290939820822611,205.27833928170315,Cotton
24,44,109,27.156858870627502,78.73052460227721,5.306263015155912,238.9439369451312,Maize
53,101,8,37.504333146971746,23.315751859215386,8.702590916817915,218.19771551081496,Wheat
32,118,97,38.61010930062743,21.257321637739267,4.257739785136986,61.28708880353739,Cotton
94,136,173,41.08307404418326,14.431494282687808,8.338858305419274,147.12348644540813,Cotton
13,141,177,41.85405635092553,51.273933634508666,4.12796079296328,30.93853968491606,Maize
64,115,182,28.107937718315057,57.32971630719979,6.360261042284437,25.153182487440183,Sugarcane
109,80,32,20.667501994509976,68.84780875493422,8.19762784383747,142.68829540559872,Maize
79,35,174,42.27289762731034,39.57267114906861,4.608597639596164,90.59890560755817,Rice
53,123,84,27.849742928842637,75.08339819434704,5.328255928619027,210.37930921325685,Cotton
124,29,80,11.035994758820465,28.711740179774893,9.034508749390065,221.7562109701727,Rice
130,38,120,31.1686239420833,85.50154755155677,9.164763653808935,269.39085654456255,Cotton
133,71,73,29.251429313746375,63.20740178591119,3.787586895697448,231.89794351791446,Sugarcane
24,122,102,39.97359197673576,64.23935786298455,4.575779746259042,33.62633946889955,Wheat
116,77,5,31.530914182691873,32.17775296086957,4.2518204177462975,123.62268378256675,Sugarcane
135,30,171,20.94702437126199,20.551119815043272,4.650035805768339,96.18239879261559,Maize
24,108,100,42.42465525456255,54.02691562401354,9.709201435560145,127.66066078689897,Maize
78,14,21,36.696358112174764,66.95794427974616,7.0305935922589216,64.74905589098965,Rice
67,71,116,30.738533119671132,22.345481507306456,6.495919298911532,47.39105205709216,Rice
11,9,95,18.993797078428678,95.66080446706388,9.800591187792744,165.18999818008788,Maize
31,31,92,21.799202311737485,98.22151067195155,7.064519231108706,220.68211881411753,Maize
127,117,167,32.11495335856365,60.94563879513656,7.731154735011358,215.5418040076597,Maize
95,19,178,11.304932482523597,95.62092660693092,5.629731494714754,145.69780486164402,Cotton
91,109,174,17.73248458942917,29.578456860679108,5.945535132860919,165.5502418842137,Sugarcane
30,48,171,33.643752482201606,16.378552719885285,7.3042200563780675,163.8942834741549,Cotton
77,30,94,25.504644142592806,17.577397174386416,3.9466290176029744,212.66403613285004,Wheat
19,99,53,22.80329605554217,64.54981948687497,5.137650470686561,33.537576468561504,Cotton
59,88,194,14.070725259534424,19.482709410535776,4.759595196545965,217.7640870988616,Maize
133,144,42,24.176346399825093,96.34735850482427,3.601717716096023,182.2265106807531,Cotton
92,136,155,35.62008058245614,26.36367616208046,6.9361681313307,75.3336552930991,Rice
42,91,154,17.987647043301877,40.314744478740266,7.090738172952826,33.85307899758541,Maize
129,116,136,8.987869267991975,84.68977563125847,5.957211027438458,50.40328411226035,Sugarcane
59,133,181,32.0639705600542,32.94604569002078,5.219855804574662,166.22160031698274,Cotton
30,93,63,42.64740583425282,35.0223968895567,7.673183206365599,231.265093924404,Maize
4,70,72,29.917564412882683,69.24587751129026,4.361818632860524,113.33512300674867,Rice
9,135,203,12.97328069066413,37.86057778352978,6.819136202466138,125.7101843492632,Rice
88,126,134,19.961511613594624,32.83526223445992,8.415673509187968,280.17294730733306,Cotton
129,88,53,38.99392819226377,35.98303011599485,4.551507097295823,79.48154128626591,Maize
125,120,130,16.893368984137634,56.24849069350029,8.32086104701324,49.07346485932036,Sugarcane
10,120,163,29.947817441716758,96.99475909308802,8.369084858581747,115.771034670545,Wheat
55,42,115,22.812958047239125,85.52279159179727,3.883530548674911,227.79012585469977,Rice
82,114,172,16.032961505403787,38.591099672807175,3.620219686957964,194.43731010092148,Wheat
136,50,52,37.106559896050854,45.34108396828698,9.733186598324448,135.91587077655112,Sugarcane
98,29,55,34.650528421006015,54.00869986819943,4.73764902079248,288.69062988709845,Cotton
72,25,47,31.823369095382436,98.09427074935608,8.761690938240658,224.74950877737973,Rice
114,125,102,17.02451334135254,28.973863136370834,7.0958441794899105,37.41603440587066,Wheat
6,126,187,12.205423694532461,44.836301969254365,5.19262180823678,227.43093082458165,Rice
79,137,181,28.85034467794362,76.71181625431868,4.3318107943604005,26.889930108600378,Wheat
96,74,128,28.06798860717228,96.80997802684844,6.678734550897456,201.18498082357394,Maize
3,117,84,15.35579832485358,27.54136573389517,6.107070794428479,78.77737334024692,Maize
3,111,189,10.757384962168004,33.686462074455434,7.972870944749235,214.0198667751523,Cotton
102,116,115,11.608654205950712,33.542033595259866,9.286678717105453,106.41165339808168,Sugarcane
39,112,147,43.34843033064314,15.9938749274707,8.653587756566006,263.1576555040337,Rice
16,51,31,36.06871953705235,65.97270906086737,5.256493121310796,113.96312072340345,Sugarcane
100,95,200,40.885164163588,71.6792534543031,9.125172598094757,192.66135655901584,Wheat
102,22,196,15.587904333825444,65.83646878373422,8.833704410269466,99.77363985170496,Cotton
123,108,162,42.22778506405554,20.312380192678187,9.446471895819318,275.4627560130682,Maize
51,44,168,13.76437143126604,20.133021776400636,6.435429254643122,237.55118152014037,Maize
51,142,199,26.516047634113193,32.23012772014643,8.418881103420151,87.91119048670305,Cotton
123,93,117,37.673409817713825,39.078239995396984,7.286611619351491,284.25012510507497,Rice
62,65,90,20.973156737002963,81.60679131149107,5.487217616316693,119.59695717906432,Sugarcane
115,9,118,23.584032954556136,27.85974577468254,9.864358416273685,201.61401493577827,Wheat
61,126,128,13.260841838408606,17.978702945268502,3.7451677877738327,226.9360542191365,Sugarcane
6,59,53,13.077681423964252,47.96472941100882,4.538544464378078,26.573671535685094,Maize
91,41,80,30.36097422229735,49.88480898116258,9.212271120204129,287.08061243556165,Cotton
13,60,59,32.308526427977974,52.842758882793376,3.8876021978408546,116.05801548411365,Maize
85,106,60,35.851171490060324,85.0656337231112,9.17565227099854,73.0154660419097,Maize
132,97,200,28.17253543332502,22.599064054439705,8.077417446772486,256.951978438041,Wheat
129,77,99,31.272423370693446,74.52783646356215,3.734777634525071,215.81687040975623,Rice
61,63,48,9.27040105515026,43.16193543858142,6.24764827426673,44.34065277107902,Rice
78,6,163,14.443541304374143,40.76529769251978,8.328617440014318,52.77350699715497,Wheat
137,108,190,43.07503385738828,94.11894590556848,7.2318418216371185,219.2378976029105,Cotton
57,55,91,11.444574019790947,35.4937525425148,9.489576268572531,41.01218013341307,Sugarcane
119,34,185,32.421830134656524,69.26497828858369,9.0529218106368,275.4499235950273,Cotton
132,15,88,14.927675629503725,37.77844880713109,5.628944866138534,226.5706201125263,Sugarcane
64,112,155,33.74180678471394,57.66223074228101,4.041614051328578,113.567480920613,Rice
12,80,160,33.368466023077374,81.58530089550102,9.543245053732168,121.20586225841164,Maize
81,94,20,16.950127280625537,89.76362026534353,6.81063531371473,161.15786357360142,Maize
138,127,169,18.183277092828305,86.07635349328582,3.9761447959804705,120.65778781838874,Cotton
51,129,153,31.58602083335267,64.09288908759564,8.726083925499388,238.23929786528328,Wheat
116,126,149,22.374994149551434,35.52355822448564,9.058441412386504,291.46929154347964,Sugarcane
25,98,41,15.570269345556913,70.8677009455419,7.5923176971300546,182.87233774644912,Maize
33,107,81,34.26245003780436,75.03886242331241,6.364057380392575,144.3321882898733,Cotton
51,35,151,14.16433384690443,15.116303552727071,7.737907278870866,82.19804323664485,Wheat
111,56,162,38.57639951224414,51.840340786861645,8.022775652512792,202.0505205766628,Rice
81,93,49,26.710499437003598,86.4675570698252,9.215391731750195,210.996040643225,Wheat
41,80,150,12.478381014999664,56.157656998029154,9.617514754398325,210.88854593209743,Rice
20,133,66,32.95371720687825,40.88487539339663,6.7916539673018335,27.709935482201413,Cotton
41,26,168,26.86687377719401,88.9130689768136,8.61036501457,270.42568061380905,Wheat
112,44,104,19.17240349845937,27.55897577830435,9.672861158346592,114.29505660233987,Cotton
104,105,56,23.50437043179015,31.892356418068374,4.467957364140583,227.3013316986318,Rice
16,115,23,19.182153476844956,73.10781184642663,3.6169150823019307,231.65426224601902,Maize
119,133,113,17.953299083848883,44.403760188827476,9.061368146229082,201.24945060344626,Maize
136,69,48,14.493573045361185,75.30554282238485,4.749749332781829,130.09135339105651,Rice
128,83,11,21.424296233184158,27.715200341938456,3.771864106443526,189.51332754003906,Sugarcane
129,26,176,17.534354779799262,35.81946097879249,4.524615281007645,31.387295777067045,Sugarcane
59,103,121,32.583520149476314,27.624680325763393,5.958335431960124,232.2355989658943,Maize
47,12,72,32.59891059248306,95.86441387239279,4.903300490192512,47.915520829776725,Maize
28,21,38,26.264040440936217,48.94311944492419,5.4536232262428355,130.61578265002916,Wheat
96,21,198,35.87246955596717,43.099746279306366,9.741881929152296,49.03710860716019,Wheat
9,94,73,38.07862222141048,15.417124783834534,8.008195482640481,253.157818271454,Maize
57,85,59,28.975872718712704,27.34788655551305,8.058027060820507,173.34915609322744,Sugarcane
20,82,14,30.338943664167495,50.29134287998221,4.105986398258706,212.4928099431085,Wheat
27,10,46,18.644429660565507,20.070689323411322,8.185429566865228,210.1626178671992,Rice
33,114,45,39.94144818455209,57.9703605386828,8.231803730913953,254.41901427056177,Wheat
7,18,201,9.64237034590404,53.19482307640318,7.722368117802446,57.09406495095098,Wheat
78,76,126,20.93136593661103,79.94630962751097,4.9619922943864,203.80234147467925,Wheat
86,58,142,33.91865466993499,70.74509151000713,6.207431546125983,180.25980734053783,Cotton
87,31,14,11.58711493655641,52.41768406597318,8.916169309885603,28.798669211597073,Rice
68,17,106,15.174299554504582,33.45342199900462,7.789290427780009,76.25599552538596,Maize
86,64,192,29.30714332962722,76.492207607726,8.189720543999375,94.66515996555886,Sugarcane
100,10,132,28.287779766931816,74.8637822660253,7.2591961608051765,40.392439281936944,Sugarcane
7,62,183,34.51470470535723,27.3374809561687,6.377354234315382,118.91852198163646,Maize
76,53,153,37.07891984026838,92.59423195315702,8.357932864429493,27.770458175516886,Cotton
86,30,140,13.274569332206086,19.7195184424892,3.9347252119443517,174.15096589532612,Sugarcane
42,51,197,9.439658444178423,18.916731652105778,7.80822868979369,79.0607173293548,Wheat
128,9,96,32.79942048412993,30.255930793669993,9.882108850244347,100.07296426320998,Sugarcane
108,24,117,19.288434492669303,92.14079039277969,8.493228348595402,273.5842535634684,Rice
16,138,82,30.584240204344784,58.763839229964205,5.359606474095714,160.13392911107712,Rice
132,63,89,14.03895166456542,81.72653690166754,5.278044766114435,95.06657706532094,Maize
20,136,34,25.122593623975508,33.72616121815611,7.770199107798137,186.75190732043683,Cotton
57,21,53,26.353981163007603,56.2120232278256,9.233467244854594,76.32516032362403,Cotton
109,18,13,29.160708009787918,44.905407032566714,7.1988783414261945,40.90431934817265,Sugarcane
138,17,149,26.65831656830364,85.14491162557272,6.875374637888374,26.01823842959477,Cotton
134,139,73,26.050038803959243,16.137200453085722,4.526458456599497,285.0105333282121,Cotton
27,132,62,20.37914855863817,35.09732195809523,8.078924514302827,221.85919235902927,Sugarcane
50,48,189,11.277072223869402,27.27561102271386,7.994711165682501,242.82556966977,Rice
4,123,66,11.915302848530112,87.8325006184385,9.688488910936625,293.1894037521689,Wheat
4,23,56,23.895483949368945,54.268507918755716,5.421229979556252,279.4722681599602,Maize
93,67,193,21.181600848170557,48.841657761648634,8.341251048752204,225.28294318082067,Rice
95,85,44,26.761491202672524,52.72067271206254,6.278017671664825,213.33660153071656,Cotton
7,104,170,19.40836829011809,97.49393399519013,7.074225866343264,113.94535414711532,Cotton
63,126,175,32.73927118264528,87.0679156945887,8.725304675843573,49.14800117457692,Sugarcane
137,48,67,38.86562780593097,74.73580374757135,4.920768288121444,179.86698521069638,Maize
37,108,151,19.200438969782994,39.094046805432924,5.6943599329754555,180.57129202315522,Wheat
110,65,54,15.515843476278196,28.355326058730974,8.449175489264622,285.20763653120156,Sugarcane
111,129,165,12.843083984042302,93.16686200739566,7.15093065784231,143.3674554939537,Sugarcane
80,75,145,30.24564061186427,50.45757230365858,4.09150666819245,212.4517618443788,Wheat
135,111,82,24.246188491691814,38.08937201446152,6.253189547382483,180.21432560450768,Wheat
103,54,101,15.342946958430856,54.557914823991354,7.254453203027305,69.39237175882201,Cotton
72,69,194,31.52915831855657,92.85952413570418,9.320910825248337,184.9714968481933,Sugarcane
48,103,47,13.967214768583897,47.37166875763383,4.706323519607287,170.51448021567282,Rice
35,36,181,28.089664563508748,62.41833346416213,8.658098997615891,157.65403810497364,Rice
125,62,40,27.14476368055921,83.01421200500418,4.335996691690185,163.08560243437054,Sugarcane
67,132,126,34.3511274812757,50.80525791084713,5.050308224485166,65.83785259615365,Wheat
77,116,112,10.717815469935204,34.214532425089764,5.057400854336787,149.18585260149484,Maize
104,72,14,39.69797802842629,99.43085663642597,9.115866853816529,188.7533055479504,Wheat
121,44,99,33.26411206990932,96.17812248365009,4.773713228895917,156.4137119941856,Wheat
118,136,10,16.321184742536925,86.48616479405656,8.536548652706617,156.2013681036068,Maize
113,94,61,15.18250613161894,73.19364146337357,6.455561817725568,41.77317863538794,Wheat
9,32,133,23.82177545220366,39.46998432557303,9.89418091390279,73.29244650625309,Maize
139,100,75,37.25127346815197,92.47948880065755,8.870185591373474,109.52670039942184,Sugarcane
90,35,190,38.134659761240925,37.81520662938931,8.234100060466035,136.9042684095798,Maize
1,7,25,26.91187200645053,82.82937369380456,9.072648362574052,185.49279062584955,Rice
117,140,96,38.75621802149846,92.89472499256996,7.557794512672215,260.4689425887678,Maize
12,28,131,8.989441079870833,65.87742912484342,8.899374441782385,64.4955466100724,Wheat
94,19,84,10.024077177299564,83.02191787327403,5.1712118231133175,24.3989988076364,Sugarcane
31,49,60,40.531391458558645,82.04827000158969,4.125300551046879,145.22269349493735,Maize
31,12,120,35.78155116002988,30.753619271067976,7.44196484535468,140.4542363496561,Wheat
123,75,152,24.484570827113423,71.44112738718445,6.282018513046951,173.79410910720648,Maize
10,112,186,35.02563257543395,22.21020219271081,6.229221089871565,252.0856189726886,Sugarcane
9,119,29,42.056253267975066,57.722757266882155,6.871186255552296,243.4969413384236,Sugarcane
14,107,160,35.66871543106872,28.10358647564749,5.812848714019472,48.04204605687212,Rice
16,129,9,38.114522416877605,49.8811520468542,7.506781001234106,280.1309105461183,Sugarcane
58,61,124,35.269109032374146,85.58656380165611,3.6956375510248316,50.92832603789796,Wheat
77,34,25,14.653746016687247,98.80028385630852,9.707304588043286,196.80097252507792,Sugarcane
123,118,22,37.80837901567163,41.44915757322924,9.41813754909165,207.3306715076487,Sugarcane
113,121,179,15.58978693684251,59.78860338571823,9.485729040524376,209.40990469418543,Wheat
21,64,202,39.862874215936316,58.018240688550875,5.8360223717357975,94.0472310772613,Wheat
31,102,61,24.761016453221444,95.99220939252235,6.904102129018239,112.13503903819726,Sugarcane
112,130,97,32.35879098042379,55.214625869488685,9.606435859568482,172.89677435407714,Sugarcane
119,98,23,26.10398150624639,74.1134018027541,9.275014761136553,75.74520008116738,Maize
121,138,132,12.07088434369775,93.19733727740069,8.557564645767343,25.852403198021644,Sugarcane
31,126,101,18.917136305199143,46.198542552307195,6.106922175024591,176.6448016897366,Rice
118,112,197,43.033868519095805,91.51187581762973,7.11177102836591,149.68702659094163,Rice
38,8,135,42.23287335810964,92.82599821605986,8.574639834986545,202.96829469198948,Rice
11,97,174,19.952944038413044,93.95777658998311,5.247276771456203,61.026770254507554,Rice
17,10,25,43.47112878773386,37.377238094901244,7.509275956659913,254.22939816435564,Sugarcane
125,36,44,38.2251816032921,48.51047442893544,8.798779679051883,60.89344023856475,Maize
135,110,71,30.061390580242463,88.79292933494266,8.02771066709057,268.26092523811053,Wheat
45,19,157,10.196336785083131,44.98016834083189,6.568676039622405,145.30174233338414,Sugarcane
103,126,131,40.170349667935604,65.64168492240138,7.2414935011530135,173.21080368342095,Cotton
134,100,59,28.198538918398327,24.317271272186453,9.827523476133083,269.71858579877807,Sugarcane
85,10,184,39.022970061856384,19.02276648113333,7.352721885742145,103.66580139116776,Rice
88,116,176,37.83813337271983,49.507884899479194,8.52795362571932,70.80245305391247,Cotton
21,124,113,37.788616288997794,63.813146843195895,8.150270492017041,144.25267607405394,Sugarcane
91,127,102,33.09645035287869,47.854314014861274,7.9895399393879245,88.20739969926079,Maize
28,71,188,18.94124682592649,63.711955502784164,8.08476195272988,167.09896058167024,Maize
12,110,187,20.49837696950929,58.34273103792198,6.408222408201369,96.80426367485327,Cotton
1,143,116,19.534728597877482,72.9651095498167,6.534625116916002,260.7874377562157,Wheat
28,47,202,9.497600783733253,69.86492934230391,6.494321519109008,189.21843402532514,Cotton
26,100,119,29.07339804067543,50.557856764803915,3.712829486160692,20.2669783894497,Maize
49,136,121,33.11941173152194,50.62209210398228,5.04281811412687,244.36334036139522,Cotton
94,85,91,38.51453657467708,26.26470373904828,4.48920964255925,112.09809331088641,Rice
87,45,85,13.677757081719017,58.184545628666555,9.173248072942446,109.31388199032457,Rice
43,137,70,27.7375735843927,64.52125128122921,5.259803945298874,126.80638061702227,Wheat
21,39,23,9.078683295447645,55.03514135322291,4.3860328605794585,195.60206156579966,Cotton
96,26,139,12.109258940333387,42.113118616955816,4.266508364229663,143.22549570271227,Cotton
2,116,122,10.686568698368559,76.04528024237376,7.979934941133815,195.1492726103482,Cotton
117,15,195,34.04663558373895,20.598502946095703,3.5389331898557392,61.049074831241015,Cotton
18,7,46,11.62087282294059,92.56753968792187,6.516348171241653,290.19677047705306,Wheat
22,141,46,33.73256375824589,15.969142769074484,4.260775075828456,223.24942969543932,Maize
29,64,63,17.4869397134883,96.67340643566043,8.937845616869794,89.832637927744,Sugarcane
38,80,24,39.34441103225349,53.82387500010057,9.634082281295733,221.73648541721013,Wheat
107,91,77,37.097619595060735,49.56581420110348,9.636029543775383,180.22958447761422,Maize
110,18,21,42.13249156813963,36.17725229659522,6.328570297259324,50.58729769909813,Maize
24,22,31,39.55491813793951,15.063096255126666,7.624894876382697,69.7920655751355,Maize
127,117,179,41.27986378524888,37.74952566094824,7.338106473668766,31.69605589674366,Cotton
110,77,6,38.684235398663105,23.575573611950617,5.740248968870099,245.41095534706375,Wheat
135,27,67,32.92969014139697,70.74664621882393,6.3420127450914,173.7394326472539,Maize
105,87,66,14.725018493965171,41.54472512788624,3.9116716622930285,108.35114891935397,Sugarcane
71,129,104,18.255421656122437,79.9472684441938,8.59247380909752,55.361786234448076,Sugarcane
128,73,23,16.202898421333504,31.93271725556222,5.0411424777895615,154.90996727977353,Rice
107,51,21,29.804785410505552,91.35012728193179,6.447374919272808,166.38023279160237,Maize
4,120,73,26.32597384148133,59.01951584456985,6.575972695146522,215.55226782287463,Wheat
2,34,171,38.97438390111314,24.013181037391707,7.088555130568437,290.13352566742554,Cotton
131,29,121,41.953015754167836,48.55243669550315,8.734410482483776,141.2453411123724,Rice
103,116,203,22.889124158711425,31.919376912778574,7.9280386955759985,133.19931969521298,Maize
63,29,85,26.42099925417227,31.313041022612957,7.743603514426829,123.15152027743109,Cotton
105,78,43,42.60876921678404,57.59588651679431,6.871171173151614,250.33292386547743,Wheat
97,62,40,18.413115168485398,71.78114574003713,4.114116831658175,63.7030827154079,Wheat
9,98,172,36.37519898248671,92.3256802116438,6.072854218565514,115.88313108164539,Rice
127,123,177,16.63834860126657,57.2352843224451,9.626827848259534,221.95937499682128,Rice
45,131,136,32.51481201679947,96.9723830224989,9.871507681844816,24.567900505802854,Maize
65,29,157,17.625823841822033,94.89810682268771,8.175188135045877,100.73465537946483,Cotton
111,82,201,39.55392193133226,88.33585881965969,4.9560957636777285,198.71474539463574,Sugarcane
12,103,162,28.33943244203635,57.04805160727928,4.152100134421734,71.95046887362395,Cotton
136,120,200,15.270490702428583,26.275467974060188,6.154491897895675,104.44435138728468,Wheat
85,52,33,16.608047314307314,32.87441306317849,8.982060175099749,155.4663442286827,Wheat
89,14,200,25.98595201064189,69.70531923241631,8.119931135328002,137.64915840936393,Maize
57,103,55,42.263750490005776,50.344401810355606,9.156910320263073,49.70736696458194,Sugarcane
53,15,156,35.58354730315118,26.780899841317492,7.440968414064974,281.3108901837425,Maize
11,89,18,25.793175570339407,55.2497801128889,4.334101533374031,32.52666413799642,Wheat
13,139,73,20.552626230765156,15.693797749525334,4.23469418878825,228.85340911247025,Wheat
120,130,150,27.914543568525804,77.09483328609514,3.8072147368328273,40.07695719466912,Cotton
120,68,174,34.84295700331596,20.505916937766507,7.129311811670599,150.24842198187957,Sugarcane
19,6,61,36.08071487815744,68.1150372264686,5.05447191439865,69.01696246770089,Cotton
74,80,16,20.096386173773674,82.16098336351388,8.200055304671682,59.467516746169906,Cotton
69,125,21,33.896342533842926,25.567580040704847,7.891999589488047,55.23740687156209,Maize
55,46,34,31.691049545259276,58.64733579007728,5.535908751413229,146.21052099231377,Cotton
100,58,92,42.17710776147102,80.96608598060655,4.631530665370012,163.65945028248345,Rice
131,79,103,41.20194210967891,36.53628707267502,4.155362238694408,57.32090455297234,Rice
110,20,27,36.27040053100448,28.161952020238758,8.218817752403822,292.76583173309444,Cotton
124,22,133,33.974135172151506,43.065397809911055,6.382822370725973,91.9362463137567,Sugarcane
131,94,83,18.3366473217088,61.737719433190165,5.570591450740089,147.89554481145456,Cotton
19,10,36,38.23959091222896,63.50146127905208,8.9825793011604,80.38781788061101,Wheat
137,112,13,23.67719848922514,25.416101777323775,7.299124586044059,157.65867222860854,Wheat
23,52,19,18.273970879210353,53.41365024565937,6.81521495293814,230.59941490006014,Sugarcane
36,46,160,22.168794376780497,37.191784157734105,8.257626655843941,165.22269057815802,Maize
53,80,156,37.89055505257447,86.36147548816629,8.719732097505846,99.69608072083477,Rice
102,81,192,13.972435902110398,41.073388817887434,7.890868194705405,89.32877621065498,Rice
37,136,167,24.67432419096982,86.07697775255177,6.3160404390358575,231.41144525298895,Maize
3,134,31,25.93404428962624,50.92798729997358,5.927512273102,53.105684304619075,Cotton
56,63,113,10.074713476438916,76.46840013132704,8.438655604945295,123.16167539315349,Sugarcane
19,31,80,15.611961828276154,57.91216158623311,6.8146058280978306,62.35764004477629,Cotton
16,83,152,37.5706365144398,67.50219688802468,8.008070902511209,91.99467329265433,Maize
118,76,69,37.71070512309767,48.082052980820535,9.198552250115533,62.69174360056219,Sugarcane
70,11,181,18.97604491917183,80.03532000110197,9.3617000623149,266.9887891273574,Rice
3,115,113,39.24642376400783,50.63873017226251,5.277380091139665,223.88893858532674,Rice
13,123,133,35.6580462795785,53.40446311240494,4.70249568174409,176.30605257411793,Cotton
2,67,14,23.343180436080246,58.56506186739303,5.172239106155763,82.65753942050686,Wheat
79,128,51,34.844540785295315,85.48732694567879,8.308779331427218,162.19612600953593,Maize
54,16,127,42.254445165579256,70.70877418114554,5.868371430695426,165.14788135435938,Maize
131,47,63,24.77214618867414,44.12304512868475,4.609691397384511,184.5093568494821,Cotton
119,21,100,17.097265827581232,71.64639263221822,4.129667152044603,36.92169925508616,Maize
23,67,194,41.575214201745425,69.25595730683507,5.594804408510003,290.95861858404334,Rice
81,124,107,29.810301242001323,93.98835194289067,4.371273218243273,149.73166551806992,Cotton
59,40,128,12.4632276543188,86.3093885673725,4.500791120213164,278.05379273178045,Rice
48,12,90,28.72936199181279,69.68620136548196,7.87685743005613,22.92959832489962,Sugarcane
62,73,150,26.220214952800795,43.46715938562254,3.626285412277794,89.09550150530647,Sugarcane
109,94,116,38.57449351382961,81.00970166741081,4.252340874402803,49.1419672182013,Wheat
108,40,178,27.268192603770544,63.49535071548205,8.903939143763818,234.38418215783292,Maize
75,32,164,17.682088715181063,98.63763798024728,8.90745014411682,109.29080130220814,Sugarcane
29,122,31,32.31241342249812,35.41127521843221,5.607158264086893,254.10906509210238,Maize
57,97,22,27.68162574823819,21.02650556777701,4.062899253559865,251.852847278723,Rice
116,80,171,16.909953063687162,20.189728278797116,8.011810136366119,206.0472908380684,Cotton
99,105,181,28.76224945641319,69.05060428173901,5.804842801752796,205.4870759262888,Sugarcane
18,18,86,37.38943811056107,94.6946016177176,3.7909736141115253,215.05444230395346,Cotton
93,75,176,9.794267936795563,14.365565054781994,4.510092680318711,207.70847517746625,Sugarcane
112,128,76,30.753616144849886,76.39857872428152,4.3781747965697555,127.87659594355435,Maize
62,129,58,20.965564813296844,70.51048614307342,7.2703446004970385,210.23093348342633,Sugarcane
115,41,166,18.98496631242796,76.95846927320822,9.247952535062794,269.94835952623345,Sugarcane
112,33,75,22.46205371256667,44.65824335953216,8.575661013270128,112.75520278926437,Rice
46,23,168,20.702388715829763,84.51654530717819,6.997702688110273,283.1626159956216,Wheat
56,110,150,37.761920913453764,18.03138402259647,6.201793055535873,23.979755912227617,Rice
117,25,42,18.36296381472294,78.94044532330777,7.459530938040736,117.34967039921551,Cotton
44,68,191,34.31372520410917,37.088065373616814,6.3404015422725175,56.962985201108395,Maize
3,31,141,12.073281743954889,55.06499730533673,5.075034384488422,55.438298423230094,Maize
46,59,204,41.908593762457656,84.6999284724538,7.84686371425459,247.13402818341945,Sugarcane
46,33,183,30.4566189762496,37.45546931588044,9.088761252744455,275.78190199495924,Maize
77,29,39,33.39380648115069,30.07228374788167,5.886370116357508,236.6501221530399,Wheat
123,74,86,19.171768756886895,72.58853998431368,8.885846193224555,291.9921545956294,Wheat
74,67,137,23.140960591042386,59.91194220213315,6.258925097494339,80.40435239727314,Sugarcane
102,134,146,16.587487842229972,58.28441155154802,6.068550035836326,59.38461556795686,Sugarcane
136,20,162,41.252255785917384,36.205147481599155,3.681275888300977,165.11186254162445,Cotton
89,104,8,25.786034759127944,17.18924220877637,7.949784968751426,250.92116818287056,Sugarcane
68,34,171,30.73959442489805,49.36006515502814,8.668016160728467,31.287218980232012,Rice
60,49,196,34.35266666246889,23.332147476087716,7.74676428517479,297.26592345626716,Rice
137,23,157,21.714491970263957,91.84327021063663,4.468710088908439,187.80504209784135,Rice
49,38,160,33.859537577962115,17.735152721527307,4.161078192336916,292.6395063300773,Wheat
2,66,198,32.32453864352064,51.19247820360148,7.1662960103586535,121.80221852896014,Maize
106,122,154,33.35694481881334,18.67744652316095,6.069704026781452,147.6680292544979,Cotton
112,104,163,25.82520052712053,22.388110050200474,6.246225814307774,229.5821894191942,Sugarcane
93,26,27,22.126220903748276,70.66487335521728,9.69392157915525,240.80853539121497,Cotton
117,115,52,16.528460149672846,69.6574350654799,8.133105095635619,85.05309874737188,Wheat
80,77,152,37.49699707747107,17.032573101167987,6.1354415309296435,278.96364231943926,Sugarcane
108,42,129,29.97058161930242,14.296967417858575,3.622235390986975,261.603854806605,Sugarcane
50,74,170,24.263456424192825,20.954709219706587,3.7182124662609297,25.266535853620162,Wheat
34,120,59,41.65105755352927,79.58900553391345,7.88274365213348,55.980503859497446,Maize
45,83,72,10.46479067524495,64.29820371480416,8.861528060913688,158.26382471308685,Sugarcane
68,13,92,38.38598369313566,17.46673361265373,8.029296829117976,148.48391957769874,Maize
92,36,5,43.51587423451984,56.0299142603013,6.097681616670243,217.34517495619468,Wheat
63,136,139,39.66558545872378,75.22091589956648,3.699268722755645,45.16667595555937,Cotton
48,54,189,37.00319317942376,88.66913451728911,9.69137043350547,199.66323185381032,Sugarcane
73,86,99,21.825848570540096,94.24692724947721,9.812550797811756,191.73575183475427,Maize
4,9,144,16.84973354272781,42.26165624516351,7.01593312924332,85.21633425643975,Sugarcane
99,91,110,34.37279811338612,25.84083911501687,3.9522941740486757,171.14824025589556,Maize
69,130,137,19.39922274684218,34.50455140668505,6.962224037852588,82.04026570698178,Sugarcane
89,79,112,14.92618093899298,80.71789686784717,9.210966209413174,61.08867844209874,Sugarcane
3,26,182,36.17110087120497,97.45619722912603,7.851907264820567,179.7034523142278,Sugarcane
125,72,46,19.676519097837932,54.16993300778461,8.107931078609436,292.2310916510487,Cotton
38,48,106,40.622572186159374,40.36877040104558,4.043806959566395,86.13855107449665,Sugarcane
128,38,128,38.05401603970556,50.98163287397496,4.181674477003529,119.09005036553879,Maize
23,81,144,38.29788346692207,40.32248649608785,4.315032168805666,91.60432879303,Cotton
56,46,107,35.65062646674275,36.18098073885312,9.288011735430352,94.35576836421949,Rice
99,141,150,39.454673547360834,65.08443948129529,6.865437672088405,132.68667094415324,Maize
69,110,198,36.83999184779858,15.548573518012754,8.566080616915144,215.52638861406757,Maize
40,99,78,29.767395452400557,36.44362771058948,4.237864063255041,30.999299037812033,Rice
59,139,112,19.09463060664884,70.88044407131557,9.436913315255008,286.5676636592914,Cotton
107,72,126,39.709679923852384,16.94777307349319,8.755309385582144,33.07969046185758,Sugarcane
56,132,21,38.053006072507074,21.330395674815726,4.938490526562279,265.45276053517097,Maize
30,89,200,25.25620041292697,39.34404960814176,9.094766293081303,269.1054248854643,Rice
83,87,75,10.159938272868041,89.42787124079001,5.18603366013958,166.16534090672093,Sugarcane
35,99,66,31.021321713586588,79.7507439261659,4.814175227769962,58.326217404658635,Cotton
107,36,45,10.560770507945044,16.09882314097207,5.191161195598159,177.48012360599745,Maize
105,70,123,41.03454267232456,57.19678839020375,9.3237124049447,195.14833010096308,Sugarcane
85,120,166,42.26476773056068,37.74071823472161,9.359788707295166,258.9143179577191,Sugarcane
134,142,202,15.394257077306227,69.7889329816188,5.605572958003,173.51418307667123,Wheat
13,134,49,32.33835035631087,76.03716773825963,8.014778784605127,134.50042487989901,Rice
119,64,62,12.010961358784144,88.14732285997951,7.824769633050773,253.4964392495999,Sugarcane
137,21,183,34.18718911434465,54.94317151981403,8.66200084563458,293.19888520323383,Cotton
79,100,130,20.885610782113076,99.42437258835659,5.397660800909639,199.73222199545282,Wheat
105,20,166,32.5005438882195,98.18480939450528,6.764886668226572,263.5419124813719,Sugarcane
69,50,48,21.77610252023579,89.80168828716755,7.773113286453036,186.82798190032858,Sugarcane
43,111,19,13.865749342196604,63.46631573504668,3.6680436403833987,212.16799800948806,Cotton
72,92,82,22.932627321489015,48.309151694076945,5.91112797011811,211.7169088138641,Wheat
44,133,74,12.721038726890693,45.427906778979576,7.953685489142841,216.34221843764584,Wheat
106,143,182,28.875537969197712,15.239091082519732,5.116608595962454,109.53804144533875,Rice
83,123,105,10.225113318801897,35.55425441367081,9.629306284841519,180.40656658241753,Sugarcane
81,89,164,27.150724850075118,75.80186573514341,3.6930327776437695,185.54793301990725,Rice
106,8,199,39.64562891892482,65.9312709608358,9.631758000559508,107.88443371429246,Wheat
20,75,7,37.957989800153825,92.73738161165764,4.88728875526656,117.5639139319296,Rice
6,115,90,39.520803147002084,18.48690827474901,3.812461068322368,232.3332747041517,Cotton
69,54,78,40.887298314023326,27.50720489229723,5.371833812630768,182.37204484378043,Maize
126,144,55,12.437570498074159,81.83819274747756,8.532206766657442,61.72546247814982,Cotton
119,99,71,13.280402660074815,44.924103993440106,8.31562884126754,253.31437395044335,Wheat
127,96,80,28.183836859696875,24.34219509962214,4.836578665105869,265.9707060927832,Cotton
56,69,97,39.91024886117013,99.59580828707765,4.7594568549875165,149.92708147665968,Wheat
57,51,180,42.70736108703626,81.6673509387644,7.612511461149061,78.33893833198057,Cotton
20,110,149,10.409914723432,49.22910685017111,6.431729213924676,283.91888767118513,Sugarcane
81,134,11,21.180938130182973,84.76087877428422,8.570655701317776,265.7356198057981,Sugarcane
68,110,17,16.20872006216777,72.52775166921144,3.654449783632343,88.21144000693366,Cotton
130,28,124,35.10761154280743,81.90083689513472,7.4066359088676545,46.803736813040686,Rice
86,8,70,31.078746625088712,84.0631865573762,8.176300878335205,142.83389898091642,Wheat
48,112,8,12.972103495637821,21.461248157980243,9.857671116983482,208.4412813412077,Sugarcane
114,23,142,25.62656794430101,67.5887764748698,7.84420284311582,69.01064326671043,Wheat
88,44,92,32.65333017852094,14.781521890114124,4.983809001919784,163.02708284155545,Sugarcane
84,54,21,35.90938770855651,17.92420030801032,4.192391647232248,138.59313205604138,Maize
127,79,56,9.497834300483497,91.67108677608557,7.6018673577220826,268.04038470254227,Cotton
139,16,138,39.78834117463936,59.41221092027823,6.848371632116582,139.74839391022388,Sugarcane
116,31,73,28.610992126678248,77.26680018893258,9.254529846048104,168.74997037646096,Cotton
126,117,141,37.05443720060468,86.05953488097761,8.15029133556016,286.05614834730716,Maize
70,53,25,36.91624344449706,95.57958598028495,6.762351680272772,103.60421844289134,Wheat
85,134,28,15.406872577429727,88.70353906698361,6.0829726128969455,100.62617635944228,Cotton
32,64,8,12.633989784826433,55.61979115335809,6.08799807725325,242.7273107478705,Sugarcane
80,34,156,33.90079696028917,42.992655342509835,4.9483474313679015,97.43909984386649,Maize
60,88,191,14.243656774992344,27.44007034285747,3.6108862192364612,251.70827164137296,Sugarcane
