N,P,K,temperature,humidity,ph,rainfall,label
99.34,10.31,52.02,23.52,92.2,6.79,64.01,watermelon
14.49,14.71,38.43,26.3,83.56,7.14,44.66,pomegranate
91.19,94.44,64.68,33.87,79.8,6.55,199.78,banana
31.33,7.13,39.67,31.98,95.85,6.18,141.42,coconut
76.02,9.48,44.0,22.88,79.9,6.86,62.88,watermelon
25.29,73.71,205.84,19.89,74.83,6.55,92.1,grapes
109.54,39.63,51.91,26.29,64.72,6.48,211.6,coffee
84.0,43.38,54.18,34.91,76.05,7.46,169.27,jute
86.72,50.41,41.47,34.84,93.47,7.11,223.67,jute
12.83,126.43,207.05,13.8,83.82,5.62,135.24,apple
30.65,9.47,26.77,27.31,95.41,6.0,152.4,coconut
20.05,11.56,29.29,27.01,91.46,6.72,210.87,coconut
24.59,72.58,195.05,21.89,60.82,6.33,93.02,grapes
102.63,25.71,41.7,16.69,67.52,5.38,153.06,coffee
28.9,54.95,15.86,26.92,36.62,6.49,64.97,lentil
34.33,124.55,203.02,16.39,80.61,6.01,132.45,apple
94.43,11.73,58.56,29.64,88.94,7.12,30.42,muskmelon
18.31,71.75,24.7,21.03,18.6,6.34,95.68,kidneybeans
11.56,125.66,208.9,21.87,82.04,6.1,143.98,apple
23.34,52.52,16.78,34.82,48.29,5.93,48.63,mothbeans
23.09,55.71,25.57,29.11,22.25,6.59,43.72,lentil
16.32,14.72,40.07,23.78,91.26,6.48,46.35,pomegranate
15.39,64.61,19.38,15.93,23.47,6.15,83.07,kidneybeans
16.94,26.42,54.3,25.2,49.46,7.23,103.16,mango
12.14,72.98,17.52,16.71,24.7,6.43,111.35,kidneybeans
137.8,21.91,43.19,17.53,77.89,5.86,146.11,coffee
76.36,16.66,54.69,26.01,83.17,7.13,52.55,watermelon
13.48,18.28,12.19,25.1,88.32,6.36,90.64,orange
104.33,9.18,59.18,31.49,80.93,7.35,69.16,watermelon
115.26,69.9,42.4,16.51,42.95,6.77,111.08,wheat
95.63,38.74,36.94,27.07,87.57,6.18,253.11,rice
69.01,61.22,49.67,36.8,88.0,6.24,101.38,papaya
106.7,93.37,57.97,34.95,70.93,5.58,218.17,banana
14.24,35.96,25.55,31.0,59.91,5.59,67.03,mango
125.3,25.33,48.51,21.27,61.11,5.83,145.38,coffee
69.31,62.76,57.64,29.96,94.7,6.08,174.2,papaya
13.64,74.35,16.63,23.26,45.18,5.82,44.15,lentil
104.61,9.38,47.14,31.57,85.41,7.4,43.0,muskmelon
118.13,50.8,31.13,35.0,56.65,6.98,59.82,cotton
82.87,16.86,46.51,27.6,78.99,6.32,55.09,watermelon
14.07,10.36,47.36,27.04,94.37,6.7,33.61,pomegranate
119.4,39.16,48.63,26.1,88.5,6.92,181.17,rice
30.7,120.62,210.08,20.6,93.9,6.16,132.0,apple
111.61,98.35,43.63,28.95,94.02,5.62,168.95,banana
89.88,10.38,46.93,35.79,92.84,6.76,34.27,muskmelon
86.42,30.27,30.63,27.09,61.79,5.69,198.14,coffee
39.27,19.35,52.99,35.01,49.52,6.61,144.86,mango
19.94,5.44,43.45,30.0,88.38,6.91,53.76,pomegranate
29.26,19.12,36.7,27.93,95.88,6.29,156.75,coconut
86.91,55.48,31.2,30.8,44.93,7.97,67.07,cotton
12.86,102.35,199.99,13.52,93.62,7.0,165.75,apple
17.28,5.11,38.91,20.02,80.38,6.8,52.87,pomegranate
75.71,40.41,33.39,31.95,58.57,7.33,104.21,maize
47.8,70.91,99.58,18.52,17.23,6.81,63.96,chickpea
45.41,85.36,79.54,23.52,16.89,7.0,84.34,chickpea
10.48,71.19,15.3,17.26,23.3,6.31,95.15,kidneybeans
110.55,87.66,63.8,32.23,74.44,6.18,186.84,banana
118.47,46.76,25.97,23.17,72.79,6.81,115.19,sugarcane
58.29,39.43,32.15,28.23,47.27,6.35,60.02,millet
11.7,58.15,15.73,17.91,21.04,6.2,69.97,kidneybeans
27.91,68.14,17.67,24.37,37.99,6.86,36.01,lentil
77.91,29.25,59.55,25.85,71.61,5.25,126.21,sugarcane
22.76,15.82,35.17,33.59,98.44,6.2,187.26,coconut
102.3,42.68,30.46,31.07,73.86,6.05,70.97,maize
79.61,52.84,41.37,27.52,90.8,5.88,162.29,rice
118.42,49.85,34.93,30.94,65.58,7.1,125.44,maize
12.14,19.86,31.85,27.8,48.74,6.03,114.46,mango
68.97,65.33,55.77,27.83,85.62,6.08,157.94,papaya
86.8,58.15,22.34,25.9,51.85,6.6,105.49,maize
29.73,49.75,18.55,32.5,58.94,5.67,31.69,mothbeans
113.54,81.34,78.95,31.82,81.64,5.7,221.93,banana
101.06,56.69,50.97,33.0,81.52,7.4,156.04,sugarcane
112.68,61.21,39.19,20.55,78.99,6.37,141.96,maize
14.35,20.03,49.23,28.05,58.94,6.64,134.89,mango
24.56,17.96,42.13,34.04,59.74,6.55,120.13,mango
33.46,111.52,204.83,11.95,92.85,6.4,169.66,apple
21.82,69.03,18.44,19.59,21.15,7.48,67.16,lentil
29.73,66.03,21.42,16.01,19.87,5.87,75.29,kidneybeans
110.19,14.59,49.84,26.23,90.82,7.36,41.01,muskmelon
28.94,15.57,36.61,29.84,97.24,6.23,171.2,coconut
10.9,6.49,49.89,29.07,90.03,7.42,39.62,pomegranate
73.45,34.33,45.36,15.51,62.88,6.65,106.51,wheat
107.34,35.4,53.56,29.26,84.69,5.14,196.51,sugarcane
22.68,55.74,21.47,27.84,51.3,4.86,48.32,mothbeans
18.3,11.95,39.1,18.32,88.45,5.63,50.75,pomegranate
43.81,56.11,91.8,17.57,16.78,7.18,75.01,chickpea
89.39,59.74,40.15,28.84,79.11,6.02,185.26,jute
117.58,88.21,52.58,22.41,80.35,6.25,135.65,banana
113.13,15.32,32.54,23.07,73.43,6.31,203.0,coffee
32.95,17.5,32.87,25.86,59.64,7.27,80.94,mango
81.21,31.21,39.66,31.05,62.46,7.17,120.16,sugarcane
48.22,54.05,45.29,33.53,87.07,6.29,107.44,papaya
17.4,27.15,26.25,32.82,51.41,6.13,111.15,mango
112.19,52.65,32.02,12.13,59.0,5.56,102.23,wheat
125.69,32.42,27.93,16.74,64.31,5.35,205.91,coffee
28.43,130.76,203.01,18.49,89.4,6.28,125.5,apple
52.1,55.09,50.82,33.57,81.16,6.15,158.45,papaya
13.65,59.25,23.0,16.62,19.94,6.34,93.01,kidneybeans
110.85,48.11,54.21,27.3,83.41,6.96,206.78,rice
50.47,62.84,48.99,33.2,92.48,6.04,166.78,papaya
15.8,54.55,21.95,28.62,22.8,6.94,65.38,lentil
64.96,39.28,41.54,27.59,84.41,6.43,214.37,jute
15.7,61.8,213.48,20.23,78.55,5.54,94.57,grapes
36.15,97.67,217.95,20.22,64.01,6.25,86.43,grapes
13.14,6.66,10.36,27.17,81.03,7.91,115.97,orange
106.24,47.23,48.85,30.52,84.94,5.65,162.78,sugarcane
116.82,32.57,44.58,20.69,89.02,6.65,169.26,rice
72.69,35.19,34.34,22.37,77.11,7.1,246.02,sugarcane
94.48,53.83,52.76,34.59,80.33,6.67,162.24,jute
115.09,28.93,43.56,24.28,67.67,6.72,119.1,sugarcane
82.62,42.33,50.11,27.71,80.07,6.01,230.75,jute
19.98,51.42,15.38,31.73,44.2,5.75,37.04,mothbeans
101.43,17.79,52.2,23.57,94.13,7.47,59.6,watermelon
17.27,59.13,16.45,18.16,36.55,7.22,43.25,lentil
112.72,75.65,70.93,31.74,88.36,6.38,129.24,banana
120.0,45.9,47.11,25.5,70.24,5.05,217.05,sugarcane
87.18,21.41,48.32,29.44,64.75,6.82,133.35,sugarcane
27.07,79.15,28.69,20.91,44.83,5.61,35.51,lentil
23.12,59.61,20.86,26.66,43.57,6.46,32.69,lentil
76.37,66.21,24.42,16.56,68.39,5.94,81.58,wheat
21.49,68.04,22.17,20.81,18.1,5.61,72.38,kidneybeans
34.0,40.88,34.27,32.46,55.71,5.77,149.57,mango
34.92,126.38,203.62,24.33,88.91,5.51,167.88,apple
129.42,39.53,25.26,23.7,63.37,6.36,181.37,coffee
22.28,61.19,19.24,30.61,62.56,5.05,69.36,mothbeans
100.95,5.2,54.09,35.8,85.59,6.56,25.06,muskmelon
93.32,88.0,76.18,29.47,82.88,6.91,173.6,banana
81.13,37.36,44.45,30.64,46.8,7.41,45.03,millet
13.06,61.8,19.12,15.52,21.72,5.58,78.5,kidneybeans
65.63,54.88,55.98,29.87,87.09,6.76,134.96,papaya
69.05,32.47,23.11,23.49,50.3,6.93,85.32,wheat
64.59,40.42,41.55,25.64,88.19,7.41,176.76,jute
20.77,18.77,39.83,32.53,98.32,6.5,144.1,coconut
16.84,65.44,21.9,16.36,24.94,6.26,81.08,kidneybeans
86.08,9.15,52.98,31.8,86.58,6.83,34.09,muskmelon
63.94,41.0,38.99,18.23,49.76,7.49,87.14,wheat
83.41,37.02,39.38,28.68,78.87,7.22,213.7,jute
114.5,22.34,59.66,28.88,79.17,7.5,246.1,sugarcane
12.51,8.23,46.34,27.38,80.29,7.03,44.77,pomegranate
104.59,97.14,64.41,24.32,82.3,5.72,215.31,banana
17.98,71.09,219.77,16.0,78.64,6.37,78.28,grapes
28.24,61.37,22.23,34.56,62.95,5.03,50.2,mothbeans
94.24,59.7,53.23,26.41,91.04,6.6,239.58,jute
22.18,104.54,195.76,13.68,92.41,6.2,139.19,apple
38.52,62.63,215.68,21.87,62.0,6.85,64.42,grapes
74.43,46.66,39.93,19.2,79.24,5.64,107.35,maize
23.16,60.38,15.52,15.48,24.64,6.09,66.41,kidneybeans
26.38,48.19,18.89,29.62,52.52,4.52,52.1,mothbeans
16.89,13.8,48.98,20.44,81.69,6.95,43.66,pomegranate
18.87,22.9,36.01,24.01,59.14,6.26,68.55,mango
64.94,39.44,25.96,25.21,50.89,6.96,37.36,millet
13.18,62.56,16.71,15.25,19.23,6.34,85.22,kidneybeans
30.72,16.8,49.41,29.72,58.9,6.4,83.47,mango
21.02,49.76,16.96,32.69,56.42,3.57,54.62,mothbeans
71.13,32.44,40.27,23.76,81.28,7.2,104.34,sugarcane
76.52,55.51,49.08,31.89,70.19,6.56,172.39,jute
23.15,78.44,214.53,23.52,82.54,5.9,84.8,grapes
110.68,36.1,35.2,28.97,51.72,7.27,108.42,cotton
64.22,50.76,40.58,36.63,82.3,6.74,169.67,papaya
86.84,33.98,31.65,19.44,74.9,6.45,149.2,coffee
22.09,84.02,192.48,29.64,71.1,6.33,64.53,grapes
80.88,22.16,54.17,23.79,65.01,6.02,185.41,sugarcane
89.83,10.29,53.35,26.58,94.64,6.09,40.54,muskmelon
8.04,7.67,45.07,31.48,82.82,6.88,54.31,pomegranate
29.53,104.99,198.94,21.05,86.8,6.97,156.38,apple
28.96,12.55,25.81,34.0,96.35,6.43,157.98,coconut
112.18,43.14,24.43,23.51,40.09,7.22,60.13,wheat
17.98,17.11,10.26,33.65,93.19,6.92,107.28,orange
18.75,8.61,45.22,27.49,80.99,6.02,55.19,pomegranate
103.92,13.77,51.07,27.9,92.16,6.8,31.9,muskmelon
67.2,43.07,50.82,27.29,71.82,6.99,187.2,jute
81.15,69.93,28.24,31.72,78.44,5.65,117.38,maize
26.5,60.18,18.14,28.37,63.1,3.8,63.73,mothbeans
101.89,40.21,34.66,29.57,78.41,5.64,164.51,rice
15.97,47.23,20.74,34.35,57.87,4.63,40.21,mothbeans
20.37,63.27,17.03,34.16,50.03,4.67,67.09,mothbeans
52.79,59.48,75.64,18.0,19.0,7.94,84.09,chickpea
21.05,60.95,23.95,20.27,18.29,6.42,85.21,kidneybeans
27.86,24.01,46.92,30.92,42.35,5.61,127.09,mango
109.65,73.42,44.83,23.84,80.38,6.54,183.01,banana
25.89,65.08,17.9,17.04,19.11,6.05,68.88,kidneybeans
5.43,11.03,44.77,25.17,86.09,5.87,31.25,pomegranate
14.61,14.36,7.39,31.02,94.29,6.66,112.2,orange
74.61,35.04,36.94,11.03,62.95,5.91,65.12,wheat
95.83,82.81,76.53,25.96,93.58,6.15,247.39,banana
57.24,57.68,49.09,31.32,94.4,6.4,161.71,papaya
65.09,45.46,48.99,23.35,90.46,6.63,250.92,rice
6.83,12.04,37.99,28.44,81.22,5.68,58.54,pomegranate
19.54,16.21,38.33,32.93,95.11,6.99,131.49,coconut
88.52,46.49,37.95,28.72,80.58,5.82,230.89,rice
119.81,30.35,47.93,22.04,51.27,5.72,182.07,coffee
39.02,123.93,212.45,10.68,83.8,6.43,121.18,apple
25.19,114.07,208.06,22.2,91.07,6.18,101.91,apple
130.87,49.75,22.54,28.73,55.29,7.5,70.69,cotton
24.56,28.13,33.84,32.36,45.69,5.87,84.77,mango
49.34,56.76,43.01,29.18,88.48,6.41,100.45,papaya
62.22,50.09,37.71,23.05,66.23,6.38,86.82,wheat
17.64,7.26,35.64,21.07,83.49,5.81,56.11,pomegranate
100.43,69.2,37.51,29.15,71.76,6.88,62.4,maize
57.59,54.43,52.17,34.98,85.54,6.34,165.86,papaya
16.31,5.65,35.94,22.82,90.99,6.74,54.53,pomegranate
27.46,17.77,14.68,33.29,83.14,6.16,104.12,orange
45.37,55.66,76.13,15.92,17.56,7.75,97.27,chickpea
89.44,36.73,43.85,20.37,71.61,6.48,142.52,maize
28.49,44.7,38.27,25.75,41.35,7.14,69.97,mango
24.44,48.2,16.59,34.92,56.97,5.15,30.59,mothbeans
86.99,44.8,22.4,30.97,62.49,6.93,78.97,millet
30.31,5.53,39.72,34.5,95.38,6.42,138.06,coconut
88.91,59.74,21.54,32.69,60.04,6.39,71.2,millet
17.68,73.38,21.01,21.26,25.52,5.82,38.71,lentil
18.34,65.04,24.53,20.56,22.48,5.81,96.01,kidneybeans
23.19,64.41,18.76,26.9,51.19,5.73,51.81,mothbeans
114.88,14.13,54.0,31.31,93.91,7.06,46.39,muskmelon
18.27,7.52,42.67,22.34,83.25,5.86,40.02,pomegranate
96.2,60.25,67.43,26.44,88.11,6.42,104.37,banana
21.62,30.72,39.93,30.62,58.39,6.15,114.09,mango
125.14,51.38,24.96,23.0,44.87,6.48,108.43,cotton
17.31,8.62,35.99,33.8,93.26,6.03,180.56,coconut
79.57,41.53,38.45,29.94,53.53,6.41,74.09,millet
21.05,45.73,21.76,28.4,57.08,4.23,68.37,mothbeans
61.17,57.87,56.36,28.32,77.69,5.59,281.7,rice
111.79,20.74,49.07,25.26,61.44,5.88,194.14,coffee
117.63,13.07,49.67,28.21,88.49,6.27,35.55,muskmelon
29.38,73.44,16.31,19.13,29.41,7.37,36.46,lentil
49.09,55.17,52.68,32.85,92.04,6.45,129.83,papaya
28.88,10.54,14.52,29.02,86.13,6.24,107.15,orange
108.28,36.67,35.21,29.11,71.86,5.38,204.28,sugarcane
23.84,27.67,43.39,24.65,55.51,5.78,132.99,mango
31.88,86.4,207.41,23.58,71.9,6.78,75.33,grapes
87.34,65.97,61.25,27.07,84.45,5.79,202.23,banana
39.26,76.95,215.86,17.09,74.68,5.63,60.39,grapes
51.88,83.22,75.04,16.67,16.49,6.66,73.09,chickpea
40.7,69.47,51.13,31.38,83.52,6.92,110.54,papaya
20.74,28.76,44.96,34.59,45.0,5.86,90.16,mango
17.1,50.08,23.63,31.71,54.91,4.36,52.22,mothbeans
81.1,49.45,48.23,34.72,78.05,7.1,172.58,jute
25.07,66.13,16.64,20.17,24.86,6.07,100.04,kidneybeans
29.94,90.54,193.68,25.65,60.72,6.72,61.12,grapes
113.83,39.12,30.57,28.03,57.75,6.99,104.08,cotton
107.4,98.96,55.35,26.43,90.35,6.39,217.65,banana
71.86,10.66,51.97,27.25,78.16,6.02,66.92,watermelon
19.86,72.71,204.2,29.15,82.71,6.04,57.4,grapes
24.83,60.84,26.68,24.35,31.15,6.8,38.4,lentil
116.45,65.8,45.38,21.51,69.05,6.6,71.27,maize
26.61,85.34,214.42,16.06,82.34,6.0,51.64,grapes
109.91,33.73,22.9,21.08,64.35,6.61,91.05,wheat
27.24,6.72,37.7,25.73,96.87,6.41,214.07,coconut
51.01,67.78,53.73,28.28,85.06,6.3,165.53,papaya
65.54,42.71,38.3,20.04,89.28,6.46,189.29,rice
11.32,105.11,216.15,22.52,91.22,6.89,119.8,apple
86.24,28.44,46.08,27.69,73.26,5.97,213.98,coffee
24.47,17.49,31.66,25.56,91.1,6.11,228.27,coconut
108.85,5.69,53.19,28.88,93.18,6.73,48.4,watermelon
87.53,14.64,45.79,34.08,93.74,7.11,35.72,muskmelon
49.99,65.25,92.38,23.56,16.38,6.52,64.59,chickpea
105.21,55.6,58.6,24.19,88.69,6.32,240.49,rice
67.11,59.45,37.86,31.19,49.67,6.18,39.06,millet
16.5,13.63,37.8,34.32,94.5,6.1,135.66,coconut
21.71,61.6,19.53,20.8,22.16,6.16,72.94,kidneybeans
27.85,90.66,187.33,16.42,78.82,6.32,93.62,grapes
24.77,63.43,15.73,30.71,48.18,4.49,48.27,mothbeans
5.0,5.31,35.75,18.16,84.11,5.5,43.35,pomegranate
10.88,64.81,23.38,15.98,23.53,6.2,65.36,kidneybeans
17.68,76.62,16.96,26.91,23.61,6.67,66.49,lentil
101.48,52.25,47.91,33.88,60.71,6.75,242.13,sugarcane
32.84,83.28,190.92,26.84,76.1,6.1,73.79,grapes
92.81,9.48,47.97,35.39,89.26,6.65,22.47,muskmelon
20.52,78.84,199.38,28.36,63.62,6.89,72.75,grapes
115.43,58.43,45.97,24.26,84.22,6.73,239.33,sugarcane
105.46,16.66,43.9,30.06,87.29,6.68,40.01,watermelon
119.96,68.82,72.18,27.54,90.29,6.97,201.76,banana
30.31,69.05,96.93,16.23,14.81,7.3,89.02,chickpea
121.74,54.51,39.7,27.49,43.97,6.14,76.81,cotton
11.79,9.6,9.07,22.54,89.22,6.65,90.82,orange
137.83,45.16,27.37,30.9,52.47,7.68,84.21,cotton
26.66,49.97,16.49,30.88,59.33,5.62,40.88,mothbeans
25.07,26.81,45.59,26.1,69.3,6.9,96.01,mango
22.93,50.19,17.12,31.45,55.36,3.81,34.1,mothbeans
24.49,68.57,189.1,16.69,84.62,5.69,55.52,grapes
134.23,34.97,24.91,25.97,60.98,6.47,95.88,cotton
72.45,17.04,57.33,28.61,82.43,6.62,44.72,watermelon
68.15,37.33,43.75,30.55,84.83,6.04,220.76,jute
87.71,99.9,66.8,23.75,71.79,5.52,208.2,banana
26.58,112.37,218.75,15.44,92.18,5.68,160.69,apple
50.72,50.73,54.77,28.23,81.26,6.09,158.14,papaya
19.2,13.99,5.16,30.38,89.7,6.0,104.3,orange
89.96,56.18,40.55,21.6,74.65,7.43,117.75,maize
59.87,78.26,84.35,23.29,16.97,7.56,75.07,chickpea
29.81,125.66,217.08,10.87,89.47,6.57,146.23,apple
90.01,6.67,52.08,25.31,93.4,6.24,53.87,watermelon
27.48,41.54,21.88,25.38,57.17,3.64,64.12,mothbeans
90.02,33.81,34.53,25.49,66.59,7.54,52.05,cotton
96.57,10.98,41.98,25.3,76.34,6.83,56.04,watermelon
69.27,51.91,43.39,36.24,87.35,6.25,111.31,papaya
80.18,63.13,35.97,27.92,58.99,7.13,93.15,maize
100.79,55.19,36.93,34.36,40.04,7.31,109.43,cotton
111.1,54.92,32.6,28.82,76.1,6.2,241.55,rice
61.27,60.29,57.17,37.91,81.22,6.11,155.94,papaya
97.0,36.92,37.26,17.46,71.27,6.18,177.8,coffee
20.56,57.28,15.18,33.22,52.68,5.98,53.23,mothbeans
119.0,34.77,38.32,25.56,59.64,6.5,76.03,cotton
16.03,14.39,5.66,30.16,88.39,6.59,101.44,orange
65.01,64.23,56.8,32.29,87.35,6.79,154.83,papaya
72.29,56.75,47.97,24.77,91.9,7.12,174.06,jute
62.87,58.31,40.29,35.79,89.07,6.15,158.87,papaya
108.57,46.77,42.98,30.37,50.47,5.91,69.08,maize
97.21,63.57,40.32,34.82,80.1,5.69,144.13,banana
104.07,85.09,75.68,28.98,78.38,6.68,162.09,banana
38.03,82.57,75.57,15.59,15.1,7.64,70.37,chickpea
86.0,94.26,45.2,30.53,92.5,6.35,245.07,banana
77.48,38.47,43.84,26.76,93.37,7.07,196.84,jute
61.69,67.23,45.18,19.75,63.74,5.78,70.08,wheat
18.02,18.82,10.84,20.55,83.29,6.41,115.9,orange
102.98,34.5,38.28,33.15,56.59,7.83,101.85,cotton
73.19,57.92,56.73,27.24,65.71,6.82,119.68,sugarcane
112.17,29.52,59.3,24.18,82.13,5.22,206.34,sugarcane
14.49,30.07,31.62,24.61,61.95,6.29,94.56,mango
81.01,39.18,37.93,24.13,77.62,7.1,195.26,jute
106.5,66.82,46.18,28.3,51.87,5.78,78.66,maize
26.35,50.18,16.71,32.23,63.54,5.02,50.23,mothbeans
28.22,7.75,10.69,25.9,94.19,6.48,116.12,orange
117.13,93.4,51.97,31.42,77.89,6.3,131.24,banana
74.26,41.19,41.1,32.81,57.47,6.57,69.4,millet
81.01,31.83,41.05,23.34,68.55,6.13,178.56,coffee
50.45,31.8,43.64,26.47,56.65,6.88,30.44,millet
91.6,19.32,46.55,25.15,79.6,6.31,49.09,watermelon
131.46,43.24,15.02,34.45,46.07,7.38,59.23,cotton
69.9,44.02,33.83,26.22,70.67,6.09,234.66,rice
39.97,79.67,184.21,21.57,76.46,5.63,57.17,grapes
10.84,64.06,15.04,17.49,24.91,6.43,98.92,kidneybeans
14.63,60.09,22.19,24.12,39.32,6.11,40.77,lentil
12.2,10.97,46.93,27.34,94.07,5.66,33.22,pomegranate
116.85,6.04,59.34,33.96,93.87,6.44,37.1,muskmelon
11.11,8.42,49.14,28.07,88.29,6.48,38.0,pomegranate
138.77,37.9,47.87,18.56,78.91,6.46,165.28,coffee
83.29,14.99,51.64,25.45,90.48,7.0,28.21,muskmelon
58.99,58.62,45.49,37.63,90.33,6.24,166.05,papaya
73.26,42.02,21.83,31.28,76.39,7.32,116.34,maize
75.69,50.51,34.92,19.38,79.44,6.44,135.58,maize
72.66,38.76,44.17,24.77,91.61,6.17,247.0,jute
112.24,7.43,52.42,31.5,91.66,6.16,43.43,muskmelon
11.54,67.08,27.21,19.8,25.47,6.99,59.92,lentil
23.59,94.39,201.86,29.29,60.79,6.15,95.75,grapes
59.1,75.92,78.65,15.24,19.08,7.0,69.69,chickpea
70.99,53.84,43.01,29.68,77.83,6.92,189.33,jute
24.29,47.38,16.71,30.71,56.74,5.33,46.31,mothbeans
53.05,57.99,56.68,28.28,85.6,6.34,154.28,papaya
34.51,63.34,78.2,23.69,15.35,6.51,75.09,chickpea
28.64,64.36,73.85,21.22,14.45,6.88,75.27,chickpea
23.97,58.99,21.17,22.05,43.44,6.89,41.47,lentil
85.78,55.71,51.03,29.93,73.22,6.95,247.74,jute
69.15,56.82,24.52,27.35,61.15,5.65,147.14,sugarcane
84.15,7.34,50.72,31.19,93.14,7.15,23.59,muskmelon
21.39,60.66,23.75,30.39,61.92,5.62,37.09,mothbeans
116.34,34.03,33.46,21.07,83.83,5.91,240.72,rice
38.34,135.37,196.73,24.22,93.85,6.47,143.86,apple
12.18,11.15,35.63,24.88,80.47,6.14,30.93,pomegranate
30.71,115.8,199.08,11.88,80.21,5.67,101.11,apple
44.24,52.88,74.1,19.69,14.93,6.78,60.51,chickpea
96.53,15.02,46.85,27.19,76.26,6.55,59.27,watermelon
71.39,22.95,53.83,25.83,67.97,7.38,111.13,sugarcane
12.3,5.91,9.65,26.11,87.26,6.81,97.01,orange
109.74,59.55,40.56,17.9,59.38,6.35,75.33,wheat
18.54,131.39,211.45,20.09,90.72,6.28,117.33,apple
76.42,43.2,41.68,28.47,43.56,7.37,34.66,millet
88.12,6.51,48.2,34.25,88.63,7.36,37.5,muskmelon
111.39,43.59,26.76,26.77,76.26,5.09,231.48,sugarcane
35.46,117.56,202.47,21.54,83.68,6.71,123.89,apple
107.44,52.28,34.15,29.15,43.4,6.23,104.26,cotton
13.93,111.74,211.34,24.4,92.5,6.51,151.42,apple
59.48,82.66,70.05,15.7,18.18,7.29,86.18,chickpea
62.13,35.89,40.32,23.79,72.53,6.34,212.02,jute
63.34,36.73,43.1,26.58,87.81,7.31,202.48,jute
138.12,38.74,32.37,28.38,57.28,6.48,76.32,cotton
19.49,12.55,33.62,30.48,93.76,6.6,214.76,coconut
73.04,64.55,21.69,25.05,58.68,7.13,125.84,maize
17.92,9.59,13.89,28.57,94.03,6.75,106.52,orange
25.48,33.92,26.48,27.49,51.94,6.11,132.76,mango
62.72,43.78,21.91,31.92,78.04,5.64,144.04,maize
32.14,16.24,25.05,25.67,95.02,5.81,147.81,coconut
68.01,36.13,42.43,26.48,62.48,6.6,102.37,maize
26.0,62.46,15.03,18.38,23.77,6.0,72.66,kidneybeans
91.95,6.25,56.14,30.0,85.7,7.47,47.32,muskmelon
42.48,57.58,76.21,20.42,19.63,6.68,68.55,chickpea
29.64,12.81,37.47,27.95,90.99,6.56,214.47,coconut
20.74,9.71,26.22,29.21,98.85,6.36,193.26,coconut
77.61,31.75,25.98,18.59,78.0,6.53,149.02,maize
82.14,64.73,72.28,30.68,81.46,6.52,231.14,banana
102.45,62.23,47.44,25.87,79.03,6.61,72.07,maize
42.52,58.87,45.51,27.58,87.58,6.17,159.75,papaya
86.03,52.57,29.74,26.99,68.9,6.63,59.79,cotton
17.6,34.16,30.96,34.65,65.91,5.94,61.29,mango
88.0,25.32,46.0,24.73,58.97,6.05,206.07,coffee
66.7,54.78,24.55,32.11,46.38,7.37,30.03,millet
86.16,25.31,41.71,15.0,52.73,5.91,181.91,coffee
10.17,11.94,14.36,26.67,83.32,6.04,98.43,orange
91.44,54.26,48.19,26.3,93.37,6.94,213.84,jute
100.54,81.85,54.68,34.72,84.2,6.56,116.97,banana
101.55,16.7,45.39,31.33,84.44,7.28,49.11,watermelon
110.73,42.78,30.42,18.91,66.27,7.28,136.62,maize
16.97,35.62,35.78,32.26,54.3,6.5,110.47,mango
23.44,63.31,24.06,16.43,19.15,5.6,115.9,kidneybeans
18.18,135.64,207.57,18.75,94.57,6.29,139.96,apple
27.16,62.14,22.59,18.73,21.45,5.93,93.75,kidneybeans
17.38,46.07,19.2,32.17,49.21,5.31,51.13,mothbeans
58.28,47.99,31.03,28.88,55.11,6.62,48.8,millet
30.68,71.73,218.78,23.12,63.3,6.02,72.19,grapes
91.12,14.01,57.25,30.37,91.0,6.94,31.86,muskmelon
103.8,36.03,39.35,29.95,86.25,6.16,227.64,rice
90.26,60.58,28.39,31.85,70.41,5.74,147.76,maize
51.93,34.68,23.97,36.2,60.86,6.86,43.96,millet
19.33,53.67,15.16,26.58,62.3,3.59,43.24,mothbeans
22.43,17.34,31.24,31.42,97.88,5.71,162.65,coconut
90.23,50.38,41.05,25.91,82.81,6.19,204.33,jute
137.29,41.9,34.34,22.39,48.2,7.99,84.34,cotton
75.22,30.65,43.66,22.83,71.99,6.76,129.44,maize
25.72,18.9,5.98,21.07,80.57,6.4,95.9,orange
112.44,14.1,55.61,34.23,85.99,6.78,39.91,muskmelon
10.81,7.3,8.71,34.87,84.55,6.97,113.74,orange
78.17,51.34,35.08,20.36,78.25,5.81,119.29,maize
29.79,55.11,20.23,16.91,23.56,6.28,71.25,kidneybeans
13.25,11.81,12.89,20.63,83.29,6.01,96.69,orange
92.34,39.5,35.2,25.14,84.18,6.91,153.15,jute
107.26,86.5,58.99,24.45,79.61,6.89,225.99,banana
60.24,50.59,52.5,27.17,85.27,6.43,179.67,papaya
25.94,5.91,8.12,26.54,94.4,7.51,99.34,orange
102.44,87.14,78.47,30.88,71.03,6.88,195.61,banana
10.67,9.7,13.48,20.98,81.91,7.84,103.26,orange
66.24,56.47,57.92,25.68,87.68,6.44,153.19,papaya
101.58,27.1,54.82,29.63,68.74,5.41,234.17,sugarcane
16.1,51.28,18.35,29.18,42.31,5.83,57.82,mothbeans
28.27,18.17,28.53,25.73,98.53,6.86,200.31,coconut
102.01,85.5,48.43,31.55,78.63,6.46,213.32,banana
28.67,40.58,15.85,28.77,50.28,4.2,41.62,mothbeans
70.55,36.92,48.58,33.24,84.85,7.45,208.32,jute
58.0,55.61,94.61,23.42,15.02,6.53,64.02,chickpea
15.05,76.31,27.8,28.88,49.25,7.29,47.94,lentil
10.56,40.7,48.28,26.87,61.63,6.82,103.9,mango
31.23,13.01,37.9,31.82,96.64,6.33,135.21,coconut
62.37,39.8,27.22,26.93,43.88,6.12,59.38,millet
96.72,33.45,29.28,31.99,71.57,6.55,129.22,maize
21.98,70.9,16.93,18.55,36.99,7.09,57.75,lentil
29.92,56.45,21.81,21.83,21.09,5.64,104.28,kidneybeans
86.15,18.3,42.1,24.26,78.69,6.99,49.86,watermelon
73.68,19.82,42.25,26.76,94.67,7.28,56.1,watermelon
91.18,38.06,41.37,23.13,78.22,6.7,229.52,jute
89.95,27.85,38.39,17.33,78.46,5.99,216.77,coffee
111.75,7.09,56.56,31.02,88.22,6.6,30.46,muskmelon
15.61,60.53,21.27,21.84,21.43,5.58,32.09,lentil
72.38,45.38,20.19,25.56,79.03,5.42,214.67,sugarcane
120.86,31.98,32.47,31.49,65.39,6.12,56.03,cotton
10.59,7.8,44.8,22.16,80.52,5.74,34.26,pomegranate
22.5,55.65,23.35,17.22,20.18,6.32,77.61,kidneybeans
83.07,40.72,37.16,25.53,62.32,6.5,31.95,millet
20.79,12.16,27.02,26.83,96.89,6.87,223.66,coconut
58.45,57.43,53.0,26.84,87.85,6.2,149.12,papaya
88.41,57.28,50.49,33.28,92.55,6.89,161.28,jute
63.08,58.23,44.33,28.22,80.02,5.61,244.42,rice
17.38,10.42,36.45,29.4,80.35,5.56,33.63,pomegranate
85.54,8.43,46.44,28.91,92.07,7.32,34.99,muskmelon
67.56,20.05,35.44,31.52,84.23,7.21,173.96,sugarcane
13.87,107.98,208.17,11.51,86.24,6.99,121.26,apple
70.27,51.87,34.9,23.79,94.74,6.46,233.54,rice
33.29,96.01,185.58,23.26,67.7,6.1,92.04,grapes
111.7,59.33,39.67,34.14,43.96,7.72,89.79,cotton
94.15,41.54,23.73,20.33,60.99,7.39,85.03,wheat
65.22,42.66,30.89,22.19,82.63,5.54,179.83,rice
65.05,64.65,50.47,30.96,81.15,6.37,111.74,papaya
40.38,56.81,46.93,30.78,86.93,6.74,116.85,papaya
27.52,70.98,17.4,15.36,24.01,6.04,64.45,kidneybeans
13.2,20.54,47.87,31.34,48.01,6.63,73.09,mango
67.27,56.12,43.42,25.36,56.79,7.4,49.54,millet
29.15,53.19,26.04,22.06,41.22,5.9,49.22,lentil
60.67,46.58,45.22,26.97,53.84,6.48,40.99,millet
123.76,56.57,22.68,27.05,69.93,5.82,141.43,sugarcane
92.65,14.33,54.18,33.09,93.76,7.01,43.61,muskmelon
23.78,12.33,6.87,21.04,94.44,6.57,96.99,orange
78.28,11.92,44.9,28.03,94.79,7.2,69.18,watermelon
19.22,11.75,9.49,33.0,84.88,7.6,109.94,orange
32.94,42.3,49.23,32.22,48.54,6.99,130.88,mango
109.32,47.12,50.7,29.5,74.13,7.44,200.48,sugarcane
23.72,11.05,12.79,28.06,84.89,6.05,113.56,orange
96.21,99.03,63.04,23.79,90.91,6.69,214.63,banana
107.04,30.41,34.17,22.59,66.97,5.55,151.63,coffee
30.08,76.18,199.38,19.18,79.2,5.66,62.53,grapes
33.14,19.44,32.02,32.23,92.49,6.97,165.77,coconut
25.51,36.62,48.56,27.6,56.86,6.64,89.84,mango
85.15,59.69,24.64,16.22,42.97,6.48,78.57,wheat
72.62,11.48,46.09,31.25,83.86,6.96,56.16,watermelon
78.65,38.76,54.33,30.49,86.61,6.46,178.83,jute
72.85,33.97,58.07,25.71,81.82,6.68,271.12,rice
26.55,55.5,90.88,17.91,14.87,6.83,89.94,chickpea
29.24,71.12,20.66,18.32,48.95,6.24,58.06,lentil
14.37,56.94,17.56,21.43,20.86,6.49,98.58,kidneybeans
92.74,55.04,47.48,21.48,73.19,5.96,284.85,rice
78.19,44.53,38.91,28.63,73.11,7.45,241.4,jute
15.11,13.87,47.27,23.05,80.82,6.75,47.01,pomegranate
21.07,36.25,49.71,27.19,41.22,5.64,80.39,mango
20.78,56.67,20.25,15.65,19.83,6.05,109.69,kidneybeans
95.0,46.51,36.09,23.66,90.75,6.97,183.35,jute
86.83,21.51,27.98,26.85,60.35,5.81,224.98,sugarcane
85.26,54.61,51.86,30.53,76.51,6.83,244.87,jute
13.11,53.79,20.68,26.83,21.59,6.95,68.98,lentil
39.54,77.54,90.89,21.51,19.56,7.6,69.69,chickpea
101.26,9.78,52.68,23.96,77.33,6.13,45.92,watermelon
31.02,26.17,50.63,27.36,45.4,5.76,107.59,mango
19.66,12.92,47.37,23.55,92.35,7.26,59.72,pomegranate
20.44,39.51,37.5,34.41,66.09,5.95,115.28,mango
67.8,40.03,25.23,19.92,40.77,5.53,105.3,wheat
111.84,54.32,38.0,27.87,72.7,6.81,278.79,rice
84.51,55.31,40.4,25.04,73.44,6.69,162.63,jute
91.73,57.01,34.01,25.19,40.19,6.82,66.31,cotton
59.83,35.25,23.3,28.23,56.0,7.13,33.35,millet
25.9,18.2,11.19,25.09,94.06,7.57,103.62,orange
102.39,48.54,31.67,30.01,54.5,6.98,50.46,cotton
22.48,71.42,95.41,24.8,15.92,7.05,87.17,chickpea
49.19,59.34,43.72,25.28,92.14,6.46,146.08,papaya
65.73,43.94,44.2,36.92,47.59,6.8,46.35,millet
96.25,10.48,52.27,29.16,84.56,7.12,65.56,watermelon
87.59,17.51,47.5,26.44,89.88,7.11,51.41,watermelon
16.86,18.0,33.1,26.83,52.97,6.26,64.58,mango
61.36,66.54,51.76,33.25,84.93,6.39,174.39,papaya
57.42,42.4,36.79,28.02,43.68,6.2,65.07,millet
26.69,42.78,29.64,24.45,50.67,5.78,86.71,mango
69.15,32.97,31.64,33.23,53.54,7.21,37.31,millet
88.78,73.22,53.52,30.74,92.9,6.7,196.85,banana
115.97,27.9,31.95,17.2,51.08,5.36,120.03,coffee
110.83,11.99,52.91,25.46,94.47,6.46,37.62,muskmelon
73.51,58.12,26.29,31.15,40.85,6.23,39.57,millet
29.04,61.21,25.23,24.07,27.88,7.25,57.3,lentil
102.58,37.68,40.49,19.59,76.03,5.73,168.21,coffee
35.57,131.78,200.85,10.45,82.18,5.51,156.44,apple
39.61,104.42,191.8,15.59,89.4,6.03,103.34,apple
92.17,21.24,43.56,17.03,53.2,6.38,187.58,coffee
87.42,58.9,32.3,19.82,44.63,6.44,117.84,wheat
62.33,58.45,35.34,30.02,61.78,7.03,64.76,millet
21.06,10.91,38.74,31.45,93.39,6.21,195.9,coconut
47.75,59.35,40.63,26.5,89.87,6.19,111.19,papaya
74.38,7.44,49.95,25.06,87.51,7.36,47.96,watermelon
24.33,19.49,32.2,33.44,91.96,5.59,223.88,coconut
13.13,14.73,45.5,27.84,81.14,5.87,39.64,pomegranate
22.39,40.6,30.47,27.48,59.11,6.74,77.21,mango
39.58,75.64,87.65,19.09,14.23,7.88,75.39,chickpea
15.01,18.09,26.91,34.54,56.45,5.55,89.7,mango
38.77,19.49,49.17,26.12,54.99,7.49,134.94,mango
110.71,68.98,44.55,19.2,59.28,5.55,115.04,wheat
62.82,53.44,33.11,23.19,66.21,5.89,177.02,sugarcane
11.87,55.45,17.78,28.35,25.67,6.48,59.18,lentil
27.31,6.49,29.27,26.19,92.46,6.16,218.53,coconut
68.92,51.54,30.35,18.28,56.3,6.41,72.52,wheat
14.68,9.51,43.09,27.52,93.35,6.19,57.55,pomegranate
25.3,42.56,23.6,34.4,42.66,5.28,44.77,mothbeans
90.93,43.12,38.39,20.28,79.72,6.98,86.93,maize
35.14,52.29,80.68,18.3,14.6,7.19,87.93,chickpea
27.17,56.1,18.0,21.75,18.96,5.76,82.77,kidneybeans
100.71,49.47,40.01,10.68,51.86,6.7,50.54,wheat
82.34,34.6,40.1,16.53,64.47,5.2,180.35,coffee
16.56,13.74,13.23,25.42,81.47,7.42,114.85,orange
94.16,69.79,42.85,29.97,78.47,6.17,119.51,banana
42.71,54.89,53.69,35.99,85.61,6.48,127.58,papaya
92.5,87.67,76.29,32.35,87.96,5.69,117.12,banana
28.14,81.28,202.04,26.34,62.85,6.19,53.82,grapes
11.02,74.78,17.13,19.63,20.01,5.62,74.09,kidneybeans
15.9,16.08,30.32,29.49,93.68,6.17,213.48,coconut
29.21,66.3,18.57,17.66,22.37,6.39,79.48,kidneybeans
99.54,6.83,49.91,35.38,87.56,7.02,47.92,muskmelon
116.0,56.43,56.38,23.7,73.94,6.75,255.53,rice
14.57,128.1,218.92,17.07,92.9,6.38,114.09,apple
26.32,74.72,18.29,29.58,25.3,7.44,51.5,lentil
90.9,5.91,44.55,27.86,86.63,6.7,56.11,watermelon
65.83,65.49,24.07,16.8,60.11,6.99,116.22,wheat
77.64,38.67,47.09,32.72,69.93,5.26,176.73,sugarcane
43.4,65.29,89.22,17.32,17.52,7.98,69.3,chickpea
89.74,33.23,37.8,33.0,53.15,7.25,44.22,millet
58.75,65.15,73.15,24.26,15.05,7.59,72.26,chickpea
116.83,13.02,55.94,34.34,87.54,7.23,30.32,muskmelon
83.9,85.35,71.92,26.06,71.32,6.02,216.78,banana
25.23,60.8,18.98,30.34,63.19,5.76,59.64,mothbeans
39.37,75.78,83.01,20.71,14.6,6.6,96.36,chickpea
26.42,10.94,13.7,28.54,87.41,7.1,109.8,orange
103.26,68.74,38.01,15.27,57.34,5.93,95.97,wheat
39.09,35.93,30.31,31.17,58.93,6.77,106.4,mango
21.98,55.06,17.61,16.72,20.42,5.84,81.69,kidneybeans
76.89,18.61,47.67,28.53,94.48,6.62,59.09,watermelon
116.87,8.5,48.01,32.09,88.91,6.23,28.75,muskmelon
11.19,60.48,27.73,28.4,44.57,6.09,35.77,lentil
27.46,21.99,49.33,25.1,51.99,7.34,123.43,mango
76.26,48.02,35.07,28.41,90.81,6.19,194.93,jute
137.86,22.35,30.32,23.87,55.61,5.26,171.38,coffee
22.89,14.23,30.43,31.59,97.04,6.72,190.8,coconut
46.19,62.51,58.96,32.97,84.95,6.6,101.59,papaya
87.25,97.36,46.17,28.45,94.84,6.66,135.69,banana
16.56,7.89,6.03,28.93,81.01,7.58,95.81,orange
121.9,71.94,76.82,22.64,80.42,5.77,200.81,banana
96.72,35.98,47.9,23.83,72.38,7.2,222.33,jute
129.14,53.87,25.23,28.49,59.0,6.48,96.11,cotton
93.06,88.03,59.4,32.39,91.55,6.01,112.66,banana
98.46,9.71,57.07,31.05,83.92,7.33,45.52,watermelon
23.63,9.55,37.75,34.71,90.19,5.58,207.36,coconut
16.27,31.14,31.11,30.28,47.76,6.47,122.99,mango
68.33,61.61,20.79,25.76,61.07,7.11,109.65,maize
21.36,59.63,84.66,21.88,19.73,7.48,75.01,chickpea
63.85,42.23,46.28,24.16,75.17,6.13,285.73,rice
26.52,18.91,36.63,30.25,91.16,5.99,225.52,coconut
27.61,12.69,36.66,32.07,92.83,6.89,173.34,coconut
62.09,32.69,43.36,23.13,61.49,6.63,114.46,maize
12.6,8.09,9.32,30.65,87.12,7.21,118.17,orange
103.54,87.02,44.24,22.7,80.66,5.77,189.42,banana
92.55,29.05,30.74,22.8,78.81,6.67,112.86,sugarcane
89.67,30.06,25.33,26.74,64.59,6.55,64.28,millet
70.54,39.39,47.17,36.79,54.15,6.52,45.32,millet
49.41,50.37,91.78,20.76,18.07,7.98,65.9,chickpea
14.43,106.02,210.56,14.5,86.53,5.98,158.12,apple
22.04,15.79,30.09,32.15,97.08,5.92,206.26,coconut
24.11,66.48,25.83,22.9,38.34,6.15,32.29,lentil
97.47,64.57,38.82,12.26,42.05,6.38,71.2,wheat
24.92,55.15,76.19,16.61,17.37,7.78,61.4,chickpea
14.89,131.18,198.55,21.29,89.81,5.68,134.36,apple
72.2,55.33,26.57,37.43,51.61,6.23,34.93,millet
18.21,5.67,38.95,34.12,90.23,6.41,210.8,coconut
28.09,60.08,17.65,18.72,18.28,6.45,86.95,kidneybeans
130.48,22.15,50.42,25.51,65.68,5.04,134.53,coffee
84.13,80.22,74.06,25.61,73.31,5.92,228.68,banana
74.8,52.96,49.64,31.87,81.68,7.05,177.29,sugarcane
30.76,10.02,31.12,31.52,94.24,6.96,192.19,coconut
73.23,36.58,43.08,20.29,78.4,6.52,210.65,rice
12.52,124.06,216.02,23.51,86.11,6.05,146.02,apple
86.68,16.43,48.08,31.69,82.07,7.21,69.25,watermelon
64.35,43.75,59.95,29.96,71.83,5.82,189.78,rice
88.54,90.72,64.18,23.66,72.57,6.73,219.51,banana
32.27,32.81,40.76,34.51,63.61,6.54,95.16,mango
34.26,56.94,82.06,18.16,16.34,7.19,62.64,chickpea
28.31,54.24,22.92,33.57,63.83,5.73,34.33,mothbeans
112.95,72.5,63.1,26.06,92.3,5.98,128.88,banana
16.19,65.85,20.49,15.48,24.88,6.37,111.18,kidneybeans
18.19,8.49,8.95,28.11,94.37,7.78,112.08,orange
111.32,64.7,45.26,24.64,85.56,5.88,168.8,banana
82.57,20.17,52.23,19.7,64.09,5.68,124.64,coffee
15.3,16.99,39.26,25.86,92.25,6.31,163.75,coconut
80.43,12.97,45.83,22.22,90.44,6.1,63.58,watermelon
33.46,99.02,193.25,25.58,71.85,5.93,97.2,grapes
114.27,91.98,75.52,26.6,94.24,5.92,104.68,banana
71.15,47.85,50.26,22.35,73.0,6.84,186.93,rice
21.4,8.42,10.23,31.73,82.88,7.36,119.76,orange
108.98,44.28,25.95,31.06,49.57,6.6,106.71,cotton
70.55,66.79,49.92,23.56,64.86,7.37,146.59,maize
104.47,46.55,42.83,20.1,71.88,6.82,285.59,rice
14.8,101.12,213.9,18.89,83.62,6.66,150.86,apple
53.06,56.79,53.08,30.53,84.27,6.39,165.7,papaya
20.97,22.79,34.11,24.0,64.46,7.2,84.39,mango
17.19,89.11,197.77,29.89,80.09,5.93,90.28,grapes
19.32,69.27,28.5,23.58,22.57,6.96,66.7,lentil
110.62,24.92,40.07,23.61,75.44,6.21,181.4,coffee
83.96,36.58,59.93,25.1,72.27,5.57,166.45,rice
27.55,66.92,94.89,17.53,15.81,7.95,86.34,chickpea
15.78,67.43,15.42,17.66,18.28,5.93,61.58,kidneybeans
61.16,46.18,60.0,23.5,86.25,6.67,247.76,rice
25.66,11.06,9.06,28.7,89.83,6.94,105.38,orange
56.15,66.0,72.5,17.54,16.55,7.54,81.44,chickpea
25.15,103.41,201.17,21.32,85.41,6.5,110.61,apple
30.31,15.43,31.45,29.27,91.24,6.16,219.71,coconut
28.1,8.66,29.39,31.06,94.31,5.68,137.68,coconut
19.12,59.51,24.64,25.63,55.7,5.93,49.8,mothbeans
90.6,66.24,30.48,20.91,64.57,7.13,66.54,wheat
21.17,67.36,22.87,15.12,22.37,6.14,116.32,kidneybeans
102.57,46.71,23.46,10.31,49.74,7.1,93.27,wheat
112.62,13.45,57.85,28.67,91.16,7.11,45.09,muskmelon
28.66,74.32,25.67,18.92,20.07,7.37,35.95,lentil
49.04,54.6,55.45,28.22,84.09,6.12,162.72,papaya
25.93,12.14,29.35,31.68,98.63,6.24,196.77,coconut
64.74,54.1,44.67,25.64,59.64,5.66,119.48,maize
99.0,56.7,45.27,32.36,74.7,6.42,166.42,jute
6.18,9.65,48.65,20.07,89.39,6.61,47.82,pomegranate
77.56,30.96,45.56,33.65,57.37,7.22,47.94,millet
86.79,41.49,51.61,24.11,92.54,6.51,225.32,jute
28.99,24.74,30.02,27.31,43.59,7.08,50.89,mango
98.28,27.71,31.21,23.73,78.51,5.55,125.43,coffee
19.35,38.98,54.94,29.56,63.74,6.16,134.35,mango
15.51,13.61,40.76,25.55,81.47,6.88,48.61,pomegranate
28.62,12.34,14.73,32.36,82.17,6.25,111.33,orange
13.05,68.83,22.46,27.66,24.28,7.24,51.89,lentil
93.7,43.19,23.67,15.3,59.96,7.0,110.77,wheat
109.79,57.84,24.16,20.58,53.46,5.51,55.55,wheat
73.17,51.56,33.06,26.59,56.11,7.41,57.61,millet
90.46,62.82,28.49,14.48,57.61,7.5,84.27,wheat
117.49,41.9,51.45,20.76,87.27,6.44,165.29,rice
85.78,11.37,47.62,35.64,94.99,7.32,31.04,muskmelon
88.57,61.12,35.4,11.64,55.12,7.39,53.04,wheat
98.87,43.53,16.34,26.67,40.29,6.27,107.07,cotton
101.75,33.51,55.52,34.94,68.57,7.25,153.89,sugarcane
63.6,50.49,45.37,27.97,51.12,7.05,75.58,millet
103.46,52.35,34.38,30.17,59.99,7.41,61.38,maize
101.92,50.49,34.07,34.41,63.11,6.03,54.73,cotton
106.52,12.68,40.32,26.37,75.64,6.76,63.95,watermelon
103.35,56.9,23.29,31.82,44.2,7.98,100.69,cotton
94.45,51.41,41.69,31.11,77.4,5.85,139.4,maize
17.31,60.85,18.2,30.77,52.35,5.37,61.62,mothbeans
41.32,63.91,45.06,33.13,94.57,6.82,169.05,papaya
63.43,47.53,45.09,28.53,73.94,6.94,162.02,rice
33.79,90.7,211.71,18.03,76.55,6.24,63.08,grapes
65.46,50.42,44.26,24.35,65.4,6.41,65.2,maize
74.12,9.5,52.19,27.71,78.09,6.23,62.99,watermelon
19.29,17.44,7.89,34.58,80.01,7.87,104.47,orange
139.02,50.32,24.99,31.78,68.97,6.86,50.74,cotton
84.88,64.16,57.84,24.85,77.08,5.79,103.56,banana
83.17,37.59,44.18,30.15,72.68,6.42,239.46,jute
36.38,67.55,182.78,27.62,71.89,6.52,58.96,grapes
22.34,28.29,53.01,34.73,68.0,6.05,127.91,mango
58.63,85.9,75.42,20.99,15.08,7.33,92.02,chickpea
106.53,15.87,42.43,29.57,77.41,6.73,58.15,watermelon
5.73,10.86,45.47,24.88,93.53,6.09,34.88,pomegranate
17.65,18.0,38.78,34.04,93.19,6.1,185.69,coconut
122.58,18.87,29.61,19.19,51.53,6.4,181.56,coffee
18.28,62.44,18.56,33.17,52.73,3.96,52.88,mothbeans
95.73,31.19,16.51,32.26,55.2,7.26,85.07,cotton
46.61,82.05,91.09,20.99,15.85,7.99,64.94,chickpea
38.34,43.82,27.91,32.7,55.95,5.88,102.62,mango
77.21,51.51,35.01,26.02,78.76,6.42,235.9,jute
108.59,6.89,44.54,26.57,77.22,6.83,48.87,watermelon
18.98,5.08,6.95,21.23,88.58,6.05,112.12,orange
95.37,14.27,56.86,29.51,78.04,7.41,58.29,watermelon
53.6,57.48,22.77,34.04,41.25,6.12,76.6,millet
28.43,10.37,5.9,29.2,84.55,7.44,97.03,orange
103.66,66.76,42.06,34.87,90.22,6.44,143.02,banana
21.63,70.93,16.27,15.38,23.16,6.03,111.43,kidneybeans
8.23,8.98,40.66,18.52,86.49,6.43,35.25,pomegranate
51.24,31.99,22.55,36.59,43.64,6.96,48.48,millet
26.16,68.1,20.67,18.25,44.8,7.03,55.78,lentil
7.79,12.76,36.07,21.55,94.27,6.34,40.73,pomegranate
63.21,54.08,46.53,24.22,68.94,6.09,193.27,sugarcane
32.31,62.39,185.46,27.77,71.46,5.76,67.18,grapes
36.13,66.51,182.34,19.8,81.96,5.7,58.17,grapes
103.46,34.94,41.37,27.48,54.32,6.02,211.42,coffee
31.41,17.63,33.2,33.22,96.13,6.79,191.72,coconut
24.68,65.46,208.79,24.48,84.39,5.8,56.36,grapes
15.81,10.5,44.43,27.05,85.93,6.15,55.08,pomegranate
101.61,12.38,51.5,28.34,89.69,6.85,69.23,watermelon
106.99,64.68,35.64,16.87,68.92,5.62,83.53,wheat
17.33,70.13,22.61,20.84,21.02,6.19,110.02,kidneybeans
84.79,14.77,54.21,30.83,92.3,7.1,27.46,muskmelon
20.13,19.75,54.95,29.32,50.57,6.13,149.15,mango
70.54,45.21,41.11,17.5,65.0,7.11,55.05,wheat
102.21,42.44,23.52,30.83,58.85,6.73,79.72,maize
82.71,13.03,47.84,30.59,84.9,6.7,64.78,watermelon
43.95,58.39,56.92,25.73,89.56,6.06,107.8,papaya
95.95,49.04,42.71,30.22,83.18,6.15,177.8,jute
112.43,47.55,31.4,27.03,64.07,6.43,244.74,sugarcane
92.36,56.14,30.43,20.5,66.12,6.56,125.51,maize
18.4,67.97,19.98,21.84,20.84,5.69,75.18,kidneybeans
21.75,12.54,11.85,24.13,80.11,6.29,91.92,orange
104.99,7.63,58.74,31.21,81.45,6.44,66.83,watermelon
15.81,54.75,20.99,18.88,31.65,6.42,33.74,lentil
125.45,39.03,38.77,20.99,67.6,5.04,131.63,coffee
76.48,32.25,35.22,14.66,53.56,5.61,108.22,wheat
19.78,6.83,8.49,33.06,86.26,7.15,106.97,orange
78.07,31.91,32.59,29.11,63.71,5.72,141.46,maize
89.8,66.17,28.59,21.98,58.21,6.2,94.56,wheat
129.65,37.42,48.25,23.44,65.66,5.56,124.34,coffee
16.87,7.76,37.15,29.87,80.89,5.99,48.99,pomegranate
28.66,69.29,27.39,18.43,33.89,6.74,49.53,lentil
72.71,43.0,38.94,32.63,82.47,7.49,192.12,jute
104.93,9.61,48.72,31.84,76.66,7.3,55.14,watermelon
91.03,16.7,40.15,20.41,66.11,5.14,142.12,coffee
36.14,107.49,195.55,21.21,89.06,6.81,107.44,apple
62.43,50.21,48.84,31.84,80.08,6.31,107.53,papaya
22.94,73.93,15.21,15.91,23.25,5.76,99.45,kidneybeans
82.55,6.84,47.92,32.24,89.39,7.31,22.08,muskmelon
105.7,15.12,32.39,17.88,72.19,5.65,204.01,coffee
5.52,7.83,43.48,25.96,93.25,5.61,51.52,pomegranate
60.33,52.53,53.1,21.07,80.63,5.76,293.69,rice
106.1,58.93,20.92,25.39,49.45,7.6,99.05,cotton
88.66,54.39,49.52,25.04,44.72,7.4,76.39,millet
16.3,66.82,19.49,17.1,22.56,5.54,73.77,kidneybeans
15.04,11.97,43.25,18.56,88.85,5.92,47.48,pomegranate
100.19,51.24,39.14,18.73,62.4,6.93,69.05,maize
120.34,39.53,44.5,27.46,65.12,6.04,152.24,coffee
11.93,108.14,202.37,22.36,89.69,5.88,142.09,apple
63.22,34.48,46.89,23.04,94.85,5.68,264.67,rice
36.87,89.57,80.11,16.92,18.01,6.83,95.29,chickpea
22.69,105.77,195.25,24.55,86.59,5.88,141.26,apple
21.51,40.75,23.05,32.84,50.16,5.41,51.78,mothbeans
23.62,77.67,96.16,24.32,18.6,7.4,85.76,chickpea
18.49,127.09,202.55,16.13,82.19,5.94,118.33,apple
79.79,57.75,28.65,24.18,64.41,6.6,81.84,wheat
93.02,31.52,59.98,28.36,94.22,6.89,277.3,rice
89.32,34.93,26.65,27.28,56.08,7.93,64.53,cotton
95.04,50.87,55.7,27.66,79.51,5.51,202.76,rice
28.68,20.63,25.58,24.6,56.05,5.87,60.23,mango
66.08,50.16,48.43,29.35,89.72,6.1,173.05,papaya
23.6,76.28,23.31,27.95,47.57,6.5,58.37,lentil
26.15,72.59,17.33,20.78,41.79,6.24,66.09,lentil
25.74,8.68,12.06,33.31,86.66,7.61,108.21,orange
17.56,66.18,188.84,17.83,82.43,6.42,91.57,grapes
105.34,14.81,51.04,30.63,92.01,6.24,51.07,watermelon
36.06,39.6,25.41,32.33,43.34,6.4,52.27,mango
111.11,11.69,45.38,31.24,85.24,7.42,22.96,muskmelon
24.81,61.92,25.27,28.44,49.15,5.83,60.03,lentil
119.38,14.87,57.4,29.09,93.38,6.07,24.25,muskmelon
64.47,59.53,45.62,33.2,66.53,6.78,233.86,sugarcane
118.86,75.31,53.31,22.78,93.89,5.9,166.09,banana
95.7,67.52,29.29,15.65,63.75,7.13,96.91,wheat
125.86,42.37,36.06,25.01,61.22,6.02,85.4,cotton
65.71,47.07,39.95,15.61,44.58,7.35,54.7,wheat
107.51,65.84,33.49,22.15,59.56,6.14,83.29,wheat
27.19,12.43,37.94,28.85,90.4,5.81,148.44,coconut
15.14,9.08,49.42,19.21,83.8,5.78,57.74,pomegranate
65.1,32.1,24.72,19.27,60.22,6.04,96.34,wheat
15.87,72.68,193.75,20.59,73.5,5.74,65.08,grapes
32.94,15.45,33.1,28.96,62.27,7.48,125.78,mango
25.72,16.36,12.23,26.92,91.88,6.63,95.64,orange
101.08,55.29,53.28,22.29,70.8,5.97,190.16,rice
15.93,14.61,36.46,23.15,89.69,7.44,52.26,pomegranate
79.15,48.66,28.02,21.47,52.9,6.08,94.57,maize
96.04,55.74,39.64,30.83,42.86,7.93,105.0,cotton
21.96,45.12,24.96,34.08,56.95,3.7,36.54,mothbeans
29.56,11.36,5.74,23.75,82.47,6.62,108.78,orange
27.96,62.3,15.11,26.85,60.51,5.99,31.18,mothbeans
17.68,25.99,43.18,24.85,67.91,5.92,99.14,mango
23.03,77.91,20.12,27.42,30.17,6.22,64.24,lentil
87.56,7.1,49.77,31.26,94.49,6.51,48.51,muskmelon
92.46,14.23,54.2,35.55,85.59,6.62,24.31,muskmelon
19.33,10.42,12.59,33.26,83.37,6.56,102.6,orange
111.88,60.45,48.05,25.66,89.75,5.96,176.0,banana
90.98,50.8,27.77,27.44,44.14,6.77,63.0,cotton
16.0,55.45,24.81,17.29,22.98,6.37,115.88,kidneybeans
118.33,85.91,47.06,22.51,79.6,5.79,204.38,banana
64.63,63.78,23.03,21.56,65.05,7.27,52.64,wheat
74.19,52.32,42.78,23.12,89.58,6.9,157.78,jute
20.95,61.65,192.67,16.9,66.51,5.78,78.12,grapes
25.3,97.52,204.42,15.56,64.5,6.25,97.51,grapes
36.31,124.52,212.85,13.96,84.7,6.84,122.09,apple
75.36,53.86,51.9,26.61,80.98,7.11,126.42,sugarcane
21.01,82.34,180.5,25.98,83.75,5.7,64.79,grapes
66.76,36.5,33.77,21.6,55.59,6.97,131.17,maize
17.2,56.52,15.93,30.51,54.32,4.36,55.21,mothbeans
99.04,59.84,44.68,30.37,83.66,6.24,224.17,jute
116.89,34.4,20.57,22.39,54.54,6.88,96.93,maize
21.96,17.59,8.8,25.27,89.48,7.17,105.31,orange
80.43,23.28,53.75,26.01,69.94,6.22,199.16,sugarcane
30.62,133.07,213.99,12.98,86.22,5.77,161.35,apple
18.79,21.94,25.22,28.48,52.35,6.62,89.48,mango
56.64,59.76,24.38,34.24,46.74,6.04,40.93,millet
47.67,81.81,89.76,22.78,19.19,7.48,71.01,chickpea
15.39,79.48,180.25,17.69,62.23,6.48,94.35,grapes
80.98,31.07,21.6,17.53,47.07,7.49,76.24,wheat
31.58,11.51,31.41,32.29,96.62,5.59,140.92,coconut
128.99,41.79,17.85,29.33,57.77,7.09,97.72,cotton
120.9,79.28,62.69,34.16,78.97,6.52,160.09,banana
101.35,58.23,25.8,30.84,59.82,6.17,93.3,cotton
25.41,92.3,210.9,25.39,65.15,6.46,76.15,grapes
106.36,53.73,34.97,30.42,75.23,5.75,116.22,sugarcane
19.14,17.58,36.32,25.27,98.12,6.94,183.98,coconut
69.98,44.57,36.41,24.01,71.47,6.07,297.8,rice
19.41,103.29,194.73,17.75,94.54,6.75,153.42,apple
21.13,9.19,9.32,29.16,94.36,6.64,110.46,orange
87.16,43.06,46.56,31.2,74.99,6.2,205.43,jute
96.87,87.61,47.2,29.12,86.82,6.75,101.79,banana
70.36,38.81,41.17,30.21,60.17,6.35,79.23,millet
58.9,65.93,75.03,19.41,17.03,7.6,90.41,chickpea
79.71,29.5,21.99,29.43,81.0,5.38,154.12,sugarcane
97.76,8.88,50.45,28.59,88.99,7.08,26.18,muskmelon
91.24,43.47,28.87,27.3,40.79,6.71,56.51,cotton
76.42,43.81,45.85,29.28,89.13,6.17,167.58,jute
101.22,12.98,55.97,30.46,76.75,7.38,58.3,watermelon
22.25,67.24,19.35,21.65,23.6,5.95,103.15,kidneybeans
89.14,47.68,28.2,21.32,43.41,6.36,69.83,wheat
101.57,32.48,23.55,22.3,62.16,6.51,140.56,maize
27.59,60.18,17.23,32.81,59.41,4.57,52.56,mothbeans
27.18,62.03,27.86,29.01,23.87,6.23,63.79,lentil
23.62,5.78,29.58,30.42,93.13,5.54,190.87,coconut
83.0,8.75,51.39,26.72,76.82,6.56,62.29,watermelon
25.22,47.96,15.29,27.29,58.76,5.9,30.92,mothbeans
21.73,15.17,5.57,27.61,92.53,7.72,102.66,orange
68.42,50.29,26.92,34.8,84.3,7.02,118.93,sugarcane
70.37,43.52,50.34,34.22,83.12,6.41,115.15,sugarcane
11.4,13.24,46.03,25.43,89.82,7.44,37.55,pomegranate
11.93,12.2,13.08,28.89,89.39,6.67,97.51,orange
104.08,87.62,45.68,31.51,94.59,6.98,216.83,banana
17.39,74.48,210.45,23.1,65.48,6.66,82.97,grapes
17.49,13.53,29.81,27.65,91.61,6.19,173.99,coconut
23.55,36.68,28.4,33.34,68.14,6.89,63.53,mango
128.43,38.16,16.6,31.26,57.3,6.15,81.86,cotton
16.15,121.78,213.65,19.78,90.46,6.83,154.71,apple
18.68,60.78,28.06,20.38,25.69,5.58,45.78,lentil
73.35,54.5,43.81,23.05,89.88,5.84,153.55,rice
65.67,57.14,28.52,20.86,59.7,7.31,111.13,wheat
22.26,17.15,6.75,23.74,93.5,7.47,103.73,orange
84.56,38.28,39.3,19.6,76.83,5.4,214.71,coffee
107.84,9.49,54.94,27.45,91.38,6.17,47.07,muskmelon
103.4,13.76,55.37,33.74,92.58,6.34,23.09,muskmelon
16.58,9.54,13.16,30.25,84.12,7.41,119.94,orange
33.0,116.25,191.02,23.0,92.35,6.91,132.98,apple
96.09,13.4,50.29,35.36,89.21,6.63,42.0,muskmelon
89.45,39.92,48.39,19.59,61.85,5.88,171.77,coffee
28.48,61.37,23.33,26.64,58.81,3.5,56.71,mothbeans
21.21,37.73,50.58,25.35,41.64,7.4,142.67,mango
20.83,31.81,52.96,27.09,40.6,5.74,136.74,mango
23.63,74.86,18.38,15.23,18.08,5.53,99.89,kidneybeans
26.7,57.49,20.56,18.71,18.03,6.13,75.52,kidneybeans
81.89,41.11,36.29,22.67,93.42,6.47,241.37,rice
19.87,19.89,10.53,34.93,81.15,6.21,113.0,orange
105.16,39.65,25.41,31.36,48.14,6.16,76.1,cotton
25.75,14.74,5.78,20.46,92.48,7.34,110.17,orange
69.08,58.02,46.06,31.23,48.81,6.29,76.1,millet
66.05,57.58,47.2,36.38,43.03,6.24,58.52,millet
38.97,124.08,204.6,19.28,94.61,6.04,147.17,apple
12.57,6.08,37.17,19.01,94.25,5.98,42.18,pomegranate
46.88,66.03,58.21,29.31,83.23,6.73,175.2,papaya
20.32,65.6,19.05,18.94,19.65,5.65,76.16,kidneybeans
105.97,12.37,44.89,24.6,80.91,6.67,63.62,watermelon
29.79,66.22,18.29,18.82,19.4,6.19,64.78,kidneybeans
28.07,15.34,48.32,28.59,49.14,5.58,103.99,mango
69.28,56.36,44.43,25.23,84.87,6.06,123.03,papaya
125.93,35.82,24.04,25.92,63.41,5.39,242.3,sugarcane
45.04,65.67,59.78,26.19,92.05,6.15,113.19,papaya
27.16,68.25,19.9,21.64,21.06,5.75,86.0,kidneybeans
12.12,10.44,36.24,28.14,90.73,7.34,43.64,pomegranate
93.97,9.79,47.26,23.06,92.7,7.44,62.85,watermelon
69.15,52.95,34.89,30.19,76.12,6.46,138.82,sugarcane
38.98,68.39,209.8,18.38,68.82,5.9,84.01,grapes
116.05,34.87,49.61,17.36,69.79,5.4,192.42,coffee
124.82,85.22,54.37,23.1,85.82,6.6,120.99,banana
41.57,86.27,89.95,17.48,18.12,7.58,84.32,chickpea
88.06,33.32,51.34,21.02,60.76,5.46,175.17,coffee
30.2,29.62,47.1,34.68,51.43,6.07,113.17,mango
92.54,13.07,54.06,32.92,92.18,6.97,36.62,muskmelon
64.38,32.4,33.19,24.78,56.12,6.71,88.13,maize
119.27,47.86,58.5,28.91,85.32,6.58,225.72,rice
127.79,62.78,44.35,32.58,89.28,6.07,174.14,banana
11.05,11.98,39.5,23.43,83.13,6.36,47.69,pomegranate
38.31,103.39,199.44,24.73,82.46,5.59,153.14,apple
85.7,41.12,45.18,23.41,91.24,6.73,165.83,rice
73.98,30.52,40.93,24.62,77.59,5.74,105.91,sugarcane
61.63,49.28,34.07,24.62,71.26,6.07,181.75,rice
71.92,7.97,43.64,23.43,75.68,7.19,44.86,watermelon
63.7,45.51,38.94,28.27,46.71,6.41,44.45,millet
21.23,57.33,16.36,18.46,24.97,6.23,80.44,kidneybeans
107.52,71.71,45.38,31.03,76.86,6.29,178.7,banana
17.09,53.04,22.38,19.02,35.43,5.81,34.95,lentil
27.73,124.46,210.36,22.25,87.32,6.57,136.98,apple
27.8,55.73,85.6,20.72,19.14,7.26,65.11,chickpea
65.57,52.71,50.49,35.78,80.15,6.42,112.03,papaya
7.85,10.87,35.64,22.94,86.97,6.42,57.7,pomegranate
62.76,31.62,52.06,26.07,78.46,5.24,213.73,sugarcane
101.93,97.03,41.63,23.3,91.18,6.42,216.65,banana
123.44,67.15,68.48,27.45,77.74,6.65,166.94,banana
21.2,62.89,21.5,19.99,23.72,5.55,70.79,kidneybeans
54.06,34.18,42.21,37.31,54.07,6.66,48.33,millet
26.03,19.2,29.06,25.42,90.32,6.26,195.03,coconut
34.81,16.27,54.88,30.22,51.87,6.97,105.77,mango
19.88,6.62,44.53,26.29,89.02,6.51,38.56,pomegranate
77.11,45.51,43.21,23.33,83.97,7.44,192.09,jute
34.39,9.88,34.94,26.16,94.18,5.98,141.35,coconut
85.92,11.82,45.98,32.91,90.7,7.42,41.83,muskmelon
95.25,55.56,32.73,13.75,65.36,5.9,76.93,wheat
18.58,62.91,17.09,32.65,48.88,5.57,40.31,mothbeans
78.2,59.2,50.85,26.46,94.24,6.75,218.55,jute
20.03,64.72,24.37,31.87,50.12,3.88,32.91,mothbeans
25.65,70.79,217.84,23.14,79.86,6.68,54.05,grapes
109.59,31.9,25.87,27.47,54.53,6.15,67.62,cotton
106.09,8.0,57.49,33.52,91.24,6.08,26.52,muskmelon
26.46,22.11,39.14,31.36,50.98,6.5,71.05,mango
84.96,30.93,34.03,25.8,48.25,7.08,61.77,cotton
137.7,33.48,38.52,23.84,49.36,6.91,64.48,cotton
29.45,53.13,91.75,18.11,18.33,6.87,67.06,chickpea
88.63,44.8,37.03,31.81,91.99,6.4,170.57,jute
10.87,6.5,40.06,18.3,85.88,6.11,58.66,pomegranate
122.77,81.74,40.23,33.48,75.95,6.38,171.36,banana
14.11,7.76,14.9,25.44,81.11,6.06,93.46,orange
106.8,32.48,29.85,17.79,62.02,5.51,175.06,coffee
49.49,64.19,58.11,32.63,94.16,6.52,175.24,papaya
120.22,20.0,47.51,17.09,58.6,5.38,203.94,coffee
22.97,132.25,199.3,20.27,81.97,6.5,158.24,apple
63.16,61.84,45.54,35.49,93.07,6.67,137.87,papaya
128.2,37.72,53.03,25.5,70.42,6.61,128.19,sugarcane
116.25,27.55,29.17,17.15,52.31,5.97,141.15,coffee
30.44,24.36,34.69,31.55,41.27,7.37,102.09,mango
105.75,12.02,42.72,31.38,75.01,6.38,56.67,watermelon
105.79,7.82,54.24,29.95,92.48,7.02,38.38,muskmelon
120.99,37.75,39.97,17.6,72.06,6.31,140.68,coffee
92.82,10.27,53.63,30.85,88.94,6.82,26.03,muskmelon
66.95,57.6,45.35,28.25,72.49,7.2,200.43,jute
37.91,135.12,193.96,14.76,87.96,5.71,108.18,apple
68.24,36.95,54.44,23.72,70.33,6.32,231.85,jute
32.13,16.01,38.83,33.25,55.63,7.46,97.28,mango
90.55,30.17,50.25,26.16,54.2,5.81,146.32,coffee
20.01,26.8,29.71,28.16,50.56,6.75,73.62,mango
59.88,52.6,45.19,29.7,45.63,6.39,32.98,millet
67.09,28.22,27.6,31.06,78.05,6.82,139.79,sugarcane
27.72,9.04,14.63,30.13,83.69,7.11,113.56,orange
92.25,56.56,26.55,21.46,72.64,7.25,67.37,maize
22.98,57.04,15.01,31.44,57.06,5.48,44.75,mothbeans
84.37,7.29,57.5,27.03,92.63,7.21,27.25,muskmelon
31.97,23.26,49.94,34.97,56.64,5.64,65.5,mango
77.49,38.48,52.16,23.82,60.3,7.08,247.39,sugarcane
14.46,109.19,191.08,13.9,90.59,6.15,169.66,apple
84.51,8.46,58.94,27.31,82.49,6.15,44.97,watermelon
12.74,33.56,52.93,35.96,58.75,5.62,114.46,mango
13.83,10.67,8.74,28.99,94.65,6.49,91.39,orange
35.67,87.4,192.04,25.28,77.21,5.64,79.0,grapes
23.27,5.97,10.09,31.27,89.68,7.02,104.96,orange
94.37,13.28,41.83,23.9,91.61,6.1,67.09,watermelon
78.87,42.93,49.11,16.06,55.44,7.48,96.04,wheat
56.32,69.67,43.88,32.98,80.25,6.84,167.86,papaya
29.71,16.73,10.38,26.36,93.67,6.9,90.03,orange
111.02,57.95,57.95,27.09,84.86,7.41,104.86,sugarcane
65.1,30.02,33.82,35.38,56.94,6.59,57.07,millet
73.49,53.32,53.48,25.24,71.41,7.3,205.7,sugarcane
117.65,49.07,54.86,27.07,80.89,6.6,294.82,rice
91.69,8.22,49.74,27.69,86.63,7.29,43.35,watermelon
99.99,9.75,43.82,31.85,91.0,6.54,47.66,watermelon
74.28,42.95,25.23,10.79,62.25,6.55,102.2,wheat
25.15,69.57,24.26,18.43,24.95,6.3,113.25,kidneybeans
13.85,71.45,17.34,15.32,19.26,6.33,71.86,kidneybeans
40.03,52.95,57.66,28.92,81.21,6.24,116.27,papaya
94.76,7.08,52.4,31.99,86.99,7.1,68.36,watermelon
23.74,51.08,19.11,26.44,58.25,4.05,41.19,mothbeans
63.22,69.08,48.02,25.37,87.68,6.92,170.93,papaya
88.98,11.28,53.45,25.81,91.49,7.37,48.12,muskmelon
56.99,59.26,42.33,26.18,90.94,6.19,147.29,papaya
17.73,113.61,200.66,10.7,93.17,5.9,110.58,apple
126.51,24.15,31.7,25.04,72.0,5.44,166.47,coffee
138.84,23.1,46.11,21.78,74.89,6.25,146.33,coffee
77.31,16.68,55.26,24.13,85.04,6.48,55.91,watermelon
12.57,19.15,5.1,32.16,92.51,6.68,102.57,orange
15.38,63.63,18.75,25.56,56.21,3.7,55.19,mothbeans
18.62,76.72,26.61,22.65,26.26,6.72,33.0,lentil
37.28,100.32,198.39,17.92,93.81,6.55,131.23,apple
75.38,14.05,52.74,25.11,84.39,7.35,43.85,watermelon
18.52,12.01,9.09,32.07,84.76,6.76,95.39,orange
37.02,89.43,182.19,29.18,76.87,6.83,55.55,grapes
28.98,78.54,181.07,15.04,66.57,6.93,91.71,grapes
88.68,6.91,47.92,34.61,91.59,6.93,47.01,muskmelon
25.87,50.39,15.03,31.21,45.34,4.42,61.68,mothbeans
27.15,62.82,21.95,29.41,48.92,3.95,65.81,mothbeans
122.7,32.79,38.03,33.66,55.59,7.4,76.07,cotton
26.2,61.31,17.68,26.83,53.09,4.65,45.76,mothbeans
17.46,33.76,30.37,32.99,52.46,5.71,113.86,mango
20.81,45.05,15.81,26.93,55.3,5.56,62.93,mothbeans
27.84,12.44,37.49,30.7,94.26,6.03,191.85,coconut
32.95,13.7,37.66,29.27,92.91,5.98,147.84,coconut
124.81,18.84,38.78,19.31,52.63,5.08,199.42,coffee
114.86,44.83,32.42,25.88,56.64,5.79,83.47,maize
13.79,12.14,13.97,21.8,94.04,6.36,90.57,orange
80.5,7.44,45.31,31.73,93.38,6.62,36.54,muskmelon
131.58,27.61,37.59,16.94,52.89,5.71,181.47,coffee
125.98,78.73,58.22,30.9,87.76,6.2,134.75,banana
18.21,47.74,22.78,25.82,61.84,5.56,41.67,mothbeans
107.77,55.82,56.97,22.1,76.24,5.65,267.02,rice
48.18,58.14,40.37,30.39,81.95,6.27,147.93,papaya
86.61,54.22,38.1,24.03,76.77,7.49,169.67,jute
91.65,68.65,44.51,22.02,44.15,6.0,94.88,wheat
86.88,14.92,51.59,31.35,75.68,7.36,51.55,watermelon
68.6,41.6,39.6,30.63,54.96,6.53,55.63,millet
97.26,31.61,52.79,20.04,78.7,6.46,151.27,coffee
67.17,46.08,52.87,21.85,75.41,6.23,258.69,rice
34.98,61.86,74.55,17.04,14.23,7.89,83.92,chickpea
12.14,6.97,49.82,26.48,82.79,6.08,50.28,pomegranate
22.41,28.53,30.37,31.08,61.38,5.9,95.47,mango
24.0,53.16,22.21,32.87,53.61,5.02,37.94,mothbeans
28.72,9.58,7.4,32.14,89.91,7.88,119.31,orange
16.96,108.79,217.27,15.09,89.03,6.76,145.99,apple
66.38,41.77,27.4,33.51,69.24,6.11,139.49,sugarcane
73.34,47.07,45.07,25.23,77.34,5.86,119.34,sugarcane
21.96,14.26,31.06,25.45,97.67,5.74,139.65,coconut
26.13,72.16,185.28,26.84,64.29,5.89,74.21,grapes
81.18,47.34,43.67,31.17,86.16,7.44,171.96,jute
126.34,47.66,27.51,26.48,40.74,6.21,79.12,cotton
111.15,80.56,48.26,26.55,77.96,5.71,205.65,banana
13.04,14.15,46.16,21.94,88.34,6.52,34.8,pomegranate
97.63,41.59,48.7,24.76,74.14,6.87,86.77,maize
49.01,69.42,57.55,34.92,93.51,6.51,133.68,papaya
84.1,57.44,34.71,23.65,42.2,5.66,92.58,wheat
25.28,65.57,15.64,16.87,19.08,5.57,101.8,kidneybeans
20.83,51.96,23.96,27.08,29.27,6.6,55.54,lentil
86.94,48.16,39.83,32.46,51.73,6.14,54.48,millet
19.73,18.5,27.61,33.92,96.8,6.13,136.44,coconut
27.01,10.25,26.16,29.44,94.6,5.86,162.58,coconut
77.5,42.08,47.41,34.1,91.42,7.49,230.59,jute
13.67,132.27,199.88,18.76,85.85,6.62,116.52,apple
15.67,14.49,36.25,26.44,91.99,5.53,56.73,pomegranate
102.42,12.57,53.07,29.38,91.96,6.3,22.72,muskmelon
25.43,62.08,21.64,33.68,58.89,4.48,59.11,mothbeans
23.14,91.16,193.05,16.47,78.44,6.8,68.78,grapes
37.18,64.83,96.7,24.99,18.9,7.91,86.6,chickpea
109.4,39.9,30.38,21.86,78.12,6.95,70.16,maize
31.2,83.7,216.42,15.98,67.62,6.01,50.99,grapes
82.74,30.86,55.53,21.82,75.3,6.7,201.05,rice
97.42,51.4,56.26,30.73,72.68,7.11,226.1,sugarcane
88.09,46.91,40.57,23.46,73.89,6.7,214.02,jute
69.25,57.85,21.99,29.08,62.23,6.65,70.75,millet
31.19,63.63,199.19,19.57,77.58,6.79,87.36,grapes
33.81,18.83,28.77,32.03,90.61,6.81,226.81,coconut
23.89,11.48,28.95,33.65,98.94,6.6,141.65,coconut
16.85,8.92,12.53,26.79,83.69,7.97,100.25,orange
98.37,30.75,38.25,22.23,88.41,6.52,283.83,rice
92.31,67.32,40.89,19.92,68.47,6.67,81.82,maize
91.21,24.06,46.52,16.54,56.91,6.22,192.03,coffee
31.12,71.66,182.52,28.08,65.81,6.92,82.23,grapes
102.07,6.57,50.76,30.69,86.8,6.66,40.82,muskmelon
10.84,69.29,21.25,15.37,19.46,5.91,111.36,kidneybeans
73.31,59.65,38.43,35.68,44.81,6.25,49.54,millet
68.12,38.79,45.76,28.62,62.9,6.34,45.58,millet
89.65,88.79,63.72,28.36,71.57,6.31,146.16,banana
29.14,73.15,22.21,17.93,23.4,6.13,102.68,kidneybeans
11.98,42.81,54.57,34.41,54.7,6.15,95.75,mango
110.05,59.23,16.34,27.68,65.16,6.68,103.83,cotton
32.02,87.85,85.58,22.83,17.95,7.17,83.08,chickpea
19.09,61.06,17.24,16.41,24.05,6.34,117.81,kidneybeans
20.86,8.66,28.65,32.68,93.26,6.18,204.82,coconut
119.4,9.65,53.61,25.59,91.19,6.75,33.09,muskmelon
34.17,28.16,30.79,32.27,50.75,5.77,139.87,mango
6.2,12.64,45.74,18.17,91.16,5.68,47.64,pomegranate
108.5,5.73,48.05,27.27,91.4,6.02,47.66,muskmelon
68.96,68.86,43.97,37.64,91.28,6.13,126.65,papaya
39.54,70.76,87.54,22.14,18.74,6.69,90.12,chickpea
67.49,57.5,37.84,23.15,81.87,6.5,167.75,jute
127.7,33.23,36.19,27.34,66.61,5.83,132.32,coffee
81.13,16.67,55.79,28.5,82.13,6.69,67.38,watermelon
12.0,65.07,17.29,19.03,18.0,6.2,116.08,kidneybeans
101.8,93.76,71.24,32.21,83.5,5.5,243.12,banana
98.99,88.22,58.98,23.89,91.76,5.52,239.08,banana
98.4,23.61,46.16,24.57,75.65,5.99,194.78,coffee
35.47,96.94,199.18,19.67,69.06,6.73,94.49,grapes
112.11,44.73,56.18,25.74,81.73,6.16,177.65,rice
19.37,59.4,24.63,27.93,24.94,7.11,55.87,lentil
79.91,41.11,49.82,34.68,78.99,7.12,169.38,jute
26.89,49.13,15.02,30.41,42.11,5.6,37.22,mothbeans
109.72,16.28,55.34,26.31,80.54,6.68,66.42,watermelon
33.47,9.82,35.48,28.78,98.9,6.36,149.97,coconut
102.6,98.03,48.65,25.93,72.81,6.68,216.67,banana
65.9,51.27,29.71,26.73,48.17,7.45,51.12,millet
21.47,43.82,43.37,31.51,46.82,5.98,65.27,mango
116.36,32.22,58.68,30.36,70.6,5.94,152.31,sugarcane
15.73,12.43,39.3,19.24,85.51,7.14,46.34,pomegranate
121.82,32.67,29.82,27.54,50.16,5.14,134.53,coffee
39.67,122.62,216.83,19.42,88.0,6.39,124.52,apple
23.91,40.99,20.91,32.73,46.71,4.57,54.36,mothbeans
16.39,62.71,25.4,22.97,43.81,6.17,62.09,lentil
93.66,7.72,59.82,29.2,93.91,6.17,34.0,muskmelon
22.92,17.99,12.07,28.58,91.94,7.41,106.83,orange
84.02,58.67,27.74,32.26,62.23,7.22,46.53,millet
14.61,9.54,47.52,30.53,82.82,5.5,53.81,pomegranate
52.6,64.74,88.55,21.59,16.85,7.12,67.52,chickpea
100.68,5.29,54.09,24.09,89.33,6.44,51.2,watermelon
8.25,9.11,35.15,19.8,92.94,7.06,58.07,pomegranate
70.35,39.91,33.13,16.59,55.68,5.82,76.1,wheat
92.8,23.3,35.82,17.84,72.58,5.8,219.66,coffee
79.01,11.41,45.18,24.23,88.49,6.49,53.73,watermelon
89.57,36.33,39.1,24.73,88.51,6.74,172.35,jute
27.11,50.07,20.98,30.73,63.56,4.55,54.98,mothbeans
104.76,39.92,51.09,22.71,76.29,5.68,178.89,rice
99.85,18.21,44.66,16.3,68.59,6.35,151.78,coffee
89.63,33.22,21.2,16.48,49.67,6.0,56.39,wheat
16.28,101.88,190.54,23.21,85.36,5.74,157.96,apple
64.45,54.04,21.64,36.01,46.93,6.82,43.42,millet
26.15,69.63,26.53,19.93,48.91,6.53,59.15,lentil
106.03,53.53,29.15,33.15,42.86,7.06,52.98,cotton
22.19,11.12,33.2,25.72,91.67,6.59,221.1,coconut
20.29,74.12,99.61,22.61,19.59,7.21,73.48,chickpea
20.22,10.02,36.47,26.39,94.92,6.6,222.42,coconut
72.81,35.78,47.02,27.56,93.41,6.54,193.01,jute
104.31,29.75,52.19,22.17,66.3,6.5,167.21,coffee
76.9,19.04,59.31,29.42,91.21,6.27,66.37,watermelon
60.2,36.86,31.0,37.96,51.96,6.25,72.68,millet
99.93,48.61,35.1,26.28,50.04,7.63,110.17,cotton
32.12,12.55,30.23,32.06,93.52,5.59,195.59,coconut
28.48,53.01,21.57,30.61,40.44,5.55,41.39,mothbeans
95.31,45.59,49.94,32.79,85.57,6.91,192.93,jute
29.41,41.37,21.22,25.23,53.95,3.89,55.61,mothbeans
58.21,66.99,41.94,27.84,94.88,6.57,114.29,papaya
57.26,87.23,99.61,23.57,19.43,7.6,71.75,chickpea
100.75,10.45,54.33,27.12,87.99,6.64,43.72,watermelon
123.37,36.85,27.72,22.57,65.89,6.49,83.02,cotton
123.85,33.07,22.83,33.45,44.11,7.55,102.72,cotton
108.54,9.91,55.56,35.37,94.86,6.32,33.56,muskmelon
35.46,129.48,207.88,18.31,84.36,6.23,134.03,apple
8.02,11.08,40.02,22.58,83.91,5.74,38.56,pomegranate
22.66,112.63,191.91,23.39,86.26,6.21,134.64,apple
21.82,76.78,216.48,20.34,67.25,6.29,96.82,grapes
96.38,53.72,36.77,25.23,81.26,6.16,279.02,rice
77.96,30.62,35.76,34.02,55.87,6.16,53.68,millet
24.9,56.36,22.08,28.9,23.02,5.87,67.93,lentil
99.82,19.94,48.12,28.18,78.41,6.52,44.68,watermelon
60.56,62.19,47.04,20.16,44.74,6.38,74.19,wheat
29.29,8.89,28.86,31.78,97.72,6.03,201.83,coconut
31.77,71.39,81.73,15.78,18.58,7.52,66.14,chickpea
97.87,36.87,57.16,28.6,71.77,5.86,250.35,rice
25.84,64.49,23.78,21.5,24.4,6.11,73.86,kidneybeans
80.71,64.46,46.98,29.69,73.78,6.17,221.18,banana
21.31,15.24,10.65,20.98,81.92,6.13,97.79,orange
7.34,11.26,48.07,24.45,93.1,7.07,33.17,pomegranate
17.69,67.43,21.33,24.93,40.8,7.0,58.12,lentil
12.85,13.19,38.29,22.92,86.12,7.0,33.19,pomegranate
24.75,63.03,19.34,23.83,42.83,6.0,36.1,lentil
22.32,7.84,10.35,31.84,84.92,6.11,113.87,orange
126.62,87.48,63.77,23.13,81.67,5.57,178.09,banana
58.23,53.7,44.91,27.38,56.19,6.75,42.28,millet
25.04,71.77,29.61,26.43,22.92,6.31,59.66,lentil
122.91,53.67,16.85,34.88,54.38,6.8,85.46,cotton
13.16,10.2,43.63,21.57,88.26,7.38,52.19,pomegranate
104.06,12.59,47.69,26.99,91.49,6.74,23.59,muskmelon
24.08,15.25,52.66,35.36,54.31,5.52,93.04,mango
112.41,22.07,52.34,25.69,61.25,6.2,164.56,coffee
34.22,61.34,201.24,22.19,79.95,6.73,72.62,grapes
57.84,79.57,79.86,17.78,17.86,7.64,80.83,chickpea
25.14,59.03,23.54,25.9,53.06,3.86,61.34,mothbeans
17.12,19.01,32.15,32.6,98.83,6.71,203.26,coconut
23.86,12.99,7.53,28.4,86.81,7.88,109.23,orange
56.63,35.21,26.61,26.4,45.97,6.46,58.98,millet
27.16,78.42,21.1,21.75,22.7,5.66,59.2,lentil
116.01,10.43,54.61,33.13,90.34,6.07,29.09,muskmelon
33.04,68.04,77.58,20.06,16.77,6.61,87.78,chickpea
59.65,60.37,47.24,27.58,82.35,6.54,168.78,papaya
25.66,133.16,218.49,23.97,83.78,6.83,116.67,apple
51.92,54.64,47.4,32.32,89.64,6.33,164.77,papaya
103.24,54.21,45.28,25.89,74.76,5.56,64.09,maize
112.53,49.25,16.47,22.44,65.4,7.89,96.78,cotton
22.98,49.61,16.5,31.24,62.88,4.76,58.74,mothbeans
52.85,69.58,85.87,22.0,19.19,7.33,84.3,chickpea
17.06,17.19,13.27,25.37,82.66,7.54,110.91,orange
18.42,66.5,27.0,26.57,29.75,7.03,65.27,lentil
11.92,16.28,7.33,28.99,89.9,6.02,101.52,orange
53.94,89.64,86.44,18.37,18.07,7.99,90.31,chickpea
97.77,67.43,64.18,29.51,91.17,5.86,175.26,banana
77.91,41.39,21.94,34.93,76.55,6.63,102.96,sugarcane
109.92,66.79,22.64,22.67,47.3,6.68,86.68,wheat
44.65,85.87,79.27,22.38,18.54,7.43,62.4,chickpea
112.45,52.18,23.08,22.69,65.53,6.07,103.42,wheat
49.81,60.01,42.35,32.28,85.66,6.39,137.96,papaya
78.06,46.44,30.01,22.87,80.75,6.37,248.21,rice
55.08,45.3,45.84,25.88,52.83,7.48,58.31,millet
76.41,63.39,49.41,13.66,56.54,6.27,114.53,wheat
18.47,54.7,29.6,24.26,49.34,5.75,38.47,lentil
19.3,53.48,17.26,28.97,51.93,5.6,53.46,mothbeans
19.03,57.43,22.66,20.46,21.26,5.62,100.08,kidneybeans
86.14,54.9,33.78,25.87,69.98,6.9,74.4,cotton
20.19,80.9,93.01,24.29,16.25,6.86,63.66,chickpea
36.01,104.95,192.81,23.02,82.71,5.75,135.61,apple
27.58,61.54,28.26,27.87,23.37,5.84,34.41,lentil
11.65,58.81,24.53,15.69,23.49,6.04,82.29,kidneybeans
23.12,136.29,204.33,12.23,81.92,6.85,158.91,apple
87.59,9.42,54.87,28.95,77.93,6.44,51.53,watermelon
103.17,52.26,50.12,23.64,71.75,6.5,199.53,rice
24.51,73.22,21.2,21.79,23.37,6.49,69.74,kidneybeans
27.43,85.13,185.38,16.49,61.32,5.6,83.91,grapes
71.69,40.89,42.28,30.45,48.28,6.12,38.12,millet
125.92,25.94,36.85,23.59,64.22,5.8,133.64,coffee
100.37,56.89,37.54,22.34,68.21,5.72,66.37,wheat
75.91,53.52,43.65,24.23,93.93,6.99,233.37,rice
24.71,114.99,218.46,14.75,86.36,6.52,167.43,apple
78.94,36.35,52.36,34.43,87.09,6.4,213.57,jute
25.22,16.71,32.62,30.81,93.1,5.82,213.07,coconut
16.55,68.79,20.54,18.98,18.01,5.69,66.51,kidneybeans
76.59,43.38,49.9,29.85,46.58,6.1,69.5,millet
84.05,30.84,54.83,23.8,56.9,5.47,215.54,coffee
24.88,77.03,17.4,20.39,34.38,6.83,40.63,lentil
17.47,53.4,28.71,21.0,36.17,7.03,34.71,lentil
10.34,59.37,22.08,16.19,24.7,6.36,90.58,kidneybeans
89.58,13.18,47.83,29.45,88.58,7.37,47.63,muskmelon
83.27,56.94,38.87,28.43,43.38,7.0,91.58,cotton
66.81,39.78,53.05,27.43,92.57,7.48,243.41,jute
31.71,38.79,30.19,33.91,60.69,6.65,140.77,mango
23.69,55.92,20.69,26.47,54.13,4.24,60.89,mothbeans
86.85,43.55,26.68,32.71,67.46,5.73,209.17,sugarcane
123.01,17.69,37.43,27.05,75.12,5.88,197.21,coffee
91.66,19.53,48.99,26.08,75.54,6.4,219.43,coffee
5.06,12.92,38.5,18.7,81.19,6.14,45.88,pomegranate
11.29,5.24,37.09,22.43,94.85,6.76,41.98,pomegranate
23.25,52.21,27.56,28.45,20.91,6.23,33.16,lentil
98.86,66.34,44.8,11.07,44.98,6.12,102.43,wheat
54.21,56.7,50.7,29.74,91.78,6.98,142.54,papaya
22.14,107.89,199.05,10.55,85.02,6.59,151.8,apple
89.64,59.53,37.42,34.96,75.68,7.09,138.68,sugarcane
61.17,36.2,35.21,24.26,78.07,7.03,193.57,jute
90.44,69.53,36.62,23.47,64.1,6.77,148.29,maize
10.65,58.08,29.65,24.78,36.91,7.08,31.83,lentil
39.52,82.95,185.88,23.48,82.67,6.16,84.46,grapes
81.35,57.77,40.6,27.66,62.28,6.85,30.49,millet
96.82,20.55,42.3,15.7,73.98,5.72,174.08,coffee
51.07,63.78,74.28,22.49,19.58,7.1,72.32,chickpea
24.51,79.69,18.03,26.65,21.31,5.88,52.02,lentil
90.92,85.73,76.5,31.3,72.58,5.61,185.7,banana
75.71,49.59,50.33,26.74,89.85,7.43,198.78,jute
63.91,51.22,49.64,28.07,77.35,6.6,209.4,jute
31.29,72.07,212.17,21.49,73.5,5.8,70.12,grapes
15.65,15.89,30.72,34.98,90.71,5.62,223.55,coconut
6.98,5.64,36.02,20.12,87.84,7.38,37.05,pomegranate
75.84,52.66,24.72,32.79,47.19,7.16,51.64,millet
104.85,37.03,23.96,18.09,69.14,6.56,113.94,wheat
113.73,20.36,56.46,30.42,75.03,5.02,137.86,sugarcane
16.38,6.08,39.1,21.86,90.59,6.41,34.89,pomegranate
99.65,18.09,59.41,22.56,86.33,6.37,47.68,watermelon
14.41,71.25,23.28,20.05,21.37,5.98,31.56,lentil
87.98,18.86,43.55,24.88,85.65,6.5,53.92,watermelon
16.35,8.86,6.15,21.49,82.52,6.29,97.67,orange
13.97,71.19,27.15,26.41,35.07,5.86,69.7,lentil
38.89,20.97,42.28,31.79,45.24,7.06,85.51,mango
24.05,72.49,18.66,26.87,48.53,7.15,65.21,lentil
95.93,10.36,49.27,31.27,86.08,6.18,44.69,muskmelon
10.91,16.09,10.63,24.51,85.93,6.25,94.19,orange
113.13,9.75,55.55,28.19,86.01,6.84,47.02,muskmelon
22.95,50.63,17.44,20.13,31.83,6.72,32.78,lentil
134.69,32.62,44.43,24.82,66.4,5.91,197.61,coffee
102.81,11.49,40.43,27.75,75.13,7.24,40.57,watermelon
28.41,54.72,23.27,26.02,44.83,4.8,68.95,mothbeans
36.69,17.4,49.03,24.73,56.74,7.38,91.6,mango
109.83,40.28,44.74,17.23,64.19,6.99,73.71,wheat
136.12,35.97,39.49,21.61,77.63,5.27,177.86,coffee
13.31,30.7,27.0,34.02,43.89,7.25,70.21,mango
73.67,38.68,32.39,22.33,72.53,5.92,245.35,rice
89.1,13.29,46.52,32.94,91.39,6.47,34.92,muskmelon
133.18,16.91,27.26,15.24,65.22,5.05,178.19,coffee
15.6,60.9,16.34,20.15,43.16,6.02,48.93,lentil
33.02,67.77,88.2,19.0,17.68,6.62,77.12,chickpea
114.56,42.09,32.25,12.1,68.39,6.11,84.48,wheat
40.03,79.01,84.74,24.26,19.64,7.96,74.93,chickpea
59.32,54.07,86.09,24.91,19.1,6.76,98.36,chickpea
25.37,52.68,17.92,26.3,62.06,4.34,59.42,mothbeans
41.27,73.78,95.49,19.77,14.77,6.51,80.54,chickpea
52.6,48.19,27.8,33.37,57.5,6.14,60.32,millet
12.36,11.03,48.36,31.42,83.99,6.4,53.32,pomegranate
93.84,36.54,50.98,27.67,74.19,6.41,262.19,rice
86.92,23.81,39.41,22.42,70.01,5.63,194.79,coffee
100.6,45.19,49.4,29.46,78.64,7.11,86.14,maize
25.69,111.82,191.43,11.15,80.68,5.66,129.74,apple
13.78,139.68,198.52,11.39,88.28,6.28,152.99,apple
29.24,62.72,22.63,26.77,34.39,6.53,69.92,lentil
79.53,41.19,37.19,32.83,84.18,7.49,233.54,jute
117.71,63.44,37.26,24.26,69.99,6.84,68.87,wheat
17.7,14.72,41.95,30.59,86.78,5.78,52.52,pomegranate
27.8,72.86,15.93,21.46,22.28,5.59,75.02,kidneybeans
75.93,33.25,43.04,27.29,77.84,6.41,226.71,rice
27.76,70.94,21.08,25.4,47.33,6.99,58.57,lentil
16.65,68.17,22.37,18.53,21.72,6.39,119.62,kidneybeans
18.14,40.56,44.8,34.37,40.57,7.23,114.94,mango
11.26,38.5,39.26,31.15,51.14,5.68,65.77,mango
58.32,65.03,58.29,33.39,82.07,6.19,116.9,papaya
22.05,96.07,201.49,29.6,62.47,5.82,75.21,grapes
26.87,94.7,219.47,15.99,84.0,6.63,54.42,grapes
20.12,99.25,189.55,16.7,71.96,6.91,79.01,grapes
79.97,52.55,35.7,30.3,52.58,6.75,70.24,millet
102.31,62.46,31.58,19.96,64.62,7.46,84.67,wheat
101.54,11.75,49.96,31.27,93.76,7.42,24.33,muskmelon
96.7,59.62,49.62,20.08,90.43,5.95,249.51,rice
38.17,113.87,210.93,10.31,84.32,5.79,124.07,apple
83.43,5.09,57.93,25.58,93.53,6.47,47.05,muskmelon
87.0,54.03,52.0,30.44,79.92,5.28,204.43,sugarcane
68.79,30.73,48.06,28.17,57.44,6.68,70.01,millet
97.25,57.11,41.63,19.89,65.15,6.76,113.24,wheat
20.83,72.19,23.12,18.84,22.04,6.19,77.83,kidneybeans
129.18,85.06,73.7,29.42,79.74,6.39,229.69,banana
12.96,63.85,19.22,19.44,18.56,6.26,87.65,kidneybeans
120.44,54.19,37.74,23.39,42.89,6.3,63.44,cotton
29.7,99.43,195.11,20.85,74.31,6.71,55.0,grapes
31.75,61.72,205.79,19.28,70.87,6.0,90.26,grapes
31.88,73.44,200.11,26.47,68.49,6.42,68.17,grapes
124.37,36.62,47.27,22.3,57.13,6.18,199.88,coffee
62.85,53.94,37.45,27.25,58.11,7.31,61.93,millet
134.31,59.35,29.3,24.2,51.42,6.28,71.08,cotton
75.8,10.01,47.08,29.45,83.99,6.64,51.81,watermelon
26.47,66.04,15.02,22.17,38.15,6.24,33.33,lentil
116.15,51.79,59.58,32.16,68.98,6.36,172.7,sugarcane
85.9,19.12,59.97,23.95,91.8,6.33,40.5,watermelon
39.12,42.29,34.88,30.51,46.2,5.78,104.14,mango
87.53,37.95,37.4,25.61,76.57,6.38,284.67,rice
49.01,85.52,74.17,21.02,19.21,6.92,87.97,chickpea
27.47,47.26,24.63,26.16,47.6,4.89,61.75,mothbeans
74.1,25.22,48.68,33.94,81.11,5.81,103.29,sugarcane
84.87,48.89,35.83,26.96,82.36,5.87,248.41,rice
29.24,6.79,38.46,33.98,95.32,6.42,229.41,coconut
17.11,13.64,40.54,31.59,80.95,6.39,42.51,pomegranate
6.93,14.56,36.86,30.15,88.29,6.24,39.46,pomegranate
23.47,83.8,219.63,16.84,80.95,6.59,63.93,grapes
106.96,10.06,57.85,24.55,91.14,6.73,56.47,watermelon
11.76,12.42,42.21,25.0,91.45,6.13,59.97,pomegranate
116.62,80.95,71.02,23.86,91.79,6.73,240.7,banana
25.22,7.24,8.98,23.4,91.24,6.95,105.47,orange
21.86,50.44,23.92,31.42,44.35,4.04,52.47,mothbeans
129.75,74.15,45.19,29.31,82.99,6.45,173.88,banana
50.23,53.27,44.2,36.77,59.31,6.07,39.13,millet
23.53,63.89,193.81,20.36,68.78,6.49,62.38,grapes
37.4,78.63,74.81,24.29,19.42,7.65,68.82,chickpea
42.48,63.72,42.03,36.21,92.05,6.01,125.52,papaya
118.87,46.09,58.18,21.15,94.26,5.77,294.38,rice
108.96,15.03,50.4,27.77,92.67,7.14,43.95,watermelon
103.1,59.37,45.82,31.66,53.92,6.24,110.55,maize
107.12,49.01,37.0,23.21,55.47,6.56,115.54,cotton
15.61,78.19,210.87,28.11,70.13,6.68,68.52,grapes
121.84,21.39,44.77,25.2,67.38,6.03,182.6,sugarcane
15.52,15.69,46.83,31.94,68.21,6.9,58.01,mango
12.84,13.84,5.49,33.41,93.34,6.43,114.57,orange
52.1,66.75,53.39,25.84,92.38,6.5,158.32,papaya
28.44,7.31,14.53,24.95,89.45,7.21,108.24,orange
119.44,95.3,58.13,22.39,81.88,6.03,169.19,banana
22.06,72.03,18.63,15.67,19.85,5.83,113.3,kidneybeans
72.66,49.81,34.71,21.74,71.88,5.5,217.58,rice
72.91,46.79,30.23,15.55,61.65,7.05,89.73,wheat
39.35,30.04,49.36,31.51,66.36,7.28,131.49,mango
115.17,33.25,30.42,25.82,81.28,6.18,229.96,sugarcane
30.42,115.77,207.71,24.27,92.55,5.73,105.67,apple
41.83,59.37,43.13,29.56,88.39,6.23,150.31,papaya
15.77,15.27,37.91,30.8,90.38,6.58,136.08,coconut
92.58,40.13,42.6,20.68,60.71,7.06,137.92,maize
37.21,138.97,195.95,20.52,82.53,6.1,130.02,apple
32.8,71.41,218.93,27.59,77.32,6.5,57.67,grapes
89.31,52.74,50.72,26.46,82.27,6.69,163.96,rice
28.86,5.78,14.39,26.49,94.93,6.55,110.41,orange
81.58,30.6,24.8,24.05,77.15,7.07,204.53,sugarcane
83.75,42.41,30.19,15.0,45.04,6.52,57.98,wheat
16.34,101.95,209.31,14.85,80.83,5.61,166.63,apple
101.58,11.81,49.72,25.07,91.1,7.07,30.75,muskmelon
95.47,5.42,44.23,25.03,86.68,6.39,61.63,watermelon
102.71,67.09,39.13,29.11,65.26,5.74,78.09,maize
91.08,31.51,37.48,28.48,81.41,6.7,250.14,rice
17.11,68.47,19.93,22.25,20.15,7.28,37.45,lentil
113.1,30.36,28.24,25.57,69.32,6.03,106.92,cotton
22.14,12.21,26.45,26.12,97.93,6.63,158.73,coconut
35.73,115.54,217.29,15.89,94.67,5.88,106.32,apple
51.07,55.08,58.43,32.89,80.5,6.27,138.3,papaya
88.02,46.92,41.11,33.88,75.97,6.47,156.95,jute
47.4,66.75,52.85,36.72,82.87,6.76,110.62,papaya
29.64,14.0,8.31,28.68,94.45,7.23,102.56,orange
119.05,32.95,42.08,23.39,91.54,5.87,178.53,rice
43.99,89.26,90.89,21.78,19.83,7.54,73.28,chickpea
73.3,50.75,39.19,25.82,81.83,6.3,213.83,rice
13.91,8.01,14.09,31.78,85.12,7.34,110.84,orange
27.84,62.37,184.76,18.8,61.66,6.5,87.73,grapes
51.98,55.94,48.71,28.82,93.83,6.68,141.8,papaya
84.22,52.99,35.4,25.27,52.61,6.09,36.75,millet
84.94,12.4,59.17,26.67,89.43,7.01,42.82,muskmelon
114.41,19.03,43.89,15.51,67.17,5.08,145.83,coffee
29.79,65.96,202.95,15.08,84.5,5.56,73.53,grapes
22.39,133.65,211.52,23.15,92.3,6.74,148.89,apple
56.84,56.91,44.15,37.8,85.54,6.29,125.23,papaya
100.85,57.77,22.85,33.56,72.51,7.17,157.25,sugarcane
82.23,54.75,26.09,33.01,63.86,6.14,67.02,millet
61.67,66.05,41.81,34.16,93.68,6.77,144.23,papaya
78.83,55.44,51.59,23.0,77.73,6.11,210.36,rice
100.92,8.09,43.63,22.26,87.04,7.27,63.38,watermelon
106.35,55.51,48.01,21.21,94.6,6.67,202.08,rice
81.26,60.88,41.63,27.01,70.8,6.72,77.3,maize
118.54,10.29,45.07,29.23,85.28,7.36,36.9,muskmelon
65.14,50.06,45.48,29.56,85.12,6.57,155.7,papaya
79.0,58.75,42.78,23.09,41.08,5.64,94.18,wheat
50.84,75.78,97.51,18.98,17.52,7.85,80.74,chickpea
118.6,45.74,38.49,21.01,74.85,5.84,176.92,rice
63.32,34.97,24.59,20.31,59.68,6.92,91.14,maize
17.98,5.61,37.77,18.09,82.64,5.9,34.32,pomegranate
24.78,79.79,218.83,24.25,68.82,6.97,66.02,grapes
22.49,103.07,213.05,20.15,93.31,5.54,147.69,apple
32.38,6.91,34.46,26.47,95.56,5.57,141.44,coconut
73.36,30.14,20.68,22.18,70.2,6.59,107.87,maize
98.97,39.98,23.4,28.3,64.97,6.27,110.55,maize
11.26,104.22,208.9,23.06,93.66,5.74,120.45,apple
122.71,38.39,43.98,17.61,68.73,5.44,154.53,coffee
5.54,11.72,45.45,22.7,92.05,7.21,53.52,pomegranate
61.61,39.94,23.29,27.01,60.93,6.3,54.31,millet
21.05,82.81,183.96,23.67,60.35,5.83,59.58,grapes
139.07,30.35,40.63,24.25,67.92,6.42,202.02,coffee
103.44,80.51,58.77,31.54,80.53,6.94,219.73,banana
114.79,84.48,44.37,31.49,85.72,6.98,172.55,banana
91.99,35.39,35.82,26.4,84.83,6.08,180.58,jute
20.56,68.28,24.11,29.58,40.24,7.26,50.94,lentil
23.08,125.88,191.11,12.39,82.05,5.89,156.25,apple
103.25,63.13,75.6,23.15,81.81,6.61,244.06,banana
98.78,42.36,33.22,18.69,61.97,5.68,70.66,wheat
104.1,9.71,47.49,30.65,84.7,6.25,55.76,watermelon
34.52,39.85,28.66,33.22,47.47,7.04,94.3,mango
34.6,63.11,210.99,26.36,61.06,5.66,89.65,grapes
104.34,77.47,79.61,23.1,86.06,6.12,168.4,banana
35.41,127.43,213.78,14.79,87.18,6.6,118.25,apple
98.78,37.44,39.37,34.75,80.5,6.82,166.61,jute
51.87,62.05,90.19,20.49,19.25,6.75,77.85,chickpea
66.51,53.54,45.9,34.07,83.97,6.49,146.3,papaya
38.92,64.37,191.04,25.46,72.41,6.81,76.03,grapes
84.61,53.72,42.48,33.44,47.55,6.37,30.82,millet
23.35,59.05,27.26,22.18,23.12,7.33,56.47,lentil
41.6,64.12,43.56,26.83,84.73,6.23,115.06,papaya
77.26,58.57,30.39,24.19,57.69,6.46,78.19,maize
62.59,57.46,37.0,34.1,40.19,7.17,77.71,millet
123.83,18.21,36.62,22.81,76.48,5.76,158.47,coffee
87.66,35.28,36.44,37.25,62.37,6.35,70.39,millet
118.42,25.97,31.05,23.54,74.12,5.43,123.36,coffee
20.53,14.15,29.71,25.64,91.62,6.65,157.61,coconut
29.4,17.19,26.15,26.27,91.63,5.57,164.97,coconut
79.18,52.94,40.21,30.26,63.1,5.08,155.87,sugarcane
98.46,33.35,43.04,24.54,93.85,6.81,189.51,rice
77.14,39.42,46.9,29.51,79.54,7.27,218.86,jute
15.12,76.3,24.75,19.69,23.72,6.64,31.58,lentil
28.76,6.72,25.0,31.04,91.09,5.65,150.43,coconut
138.45,34.08,23.02,34.31,46.03,6.63,117.52,cotton
16.8,10.55,43.66,22.63,82.92,5.75,39.65,pomegranate
19.74,26.15,47.93,29.17,61.78,6.72,106.31,mango
102.47,74.52,60.95,26.99,89.78,6.27,242.46,banana
67.36,64.11,33.56,30.58,63.35,5.68,121.37,maize
63.71,47.36,42.23,33.06,79.77,6.74,152.2,jute
27.34,19.7,7.04,25.86,88.02,6.38,93.26,orange
87.07,15.18,44.64,23.94,59.48,5.54,135.48,coffee
88.65,37.98,48.92,22.5,69.38,7.32,68.05,maize
56.74,58.71,46.96,25.33,85.49,6.47,153.6,papaya
121.35,27.25,23.9,23.66,66.47,7.02,214.44,sugarcane
21.95,60.9,201.54,21.68,76.79,5.63,75.59,grapes
113.05,42.19,48.62,21.55,93.25,6.8,296.43,rice
14.5,52.25,27.59,24.16,48.57,6.35,45.16,lentil
32.69,74.66,203.58,21.59,83.94,5.77,67.74,grapes
19.41,41.08,23.17,29.31,47.12,3.63,48.07,mothbeans
68.79,37.89,38.07,21.4,59.67,5.85,104.1,wheat
14.56,61.43,21.61,17.56,23.75,6.29,82.52,kidneybeans
13.5,13.86,49.82,30.41,81.03,5.77,39.0,pomegranate
74.26,56.01,42.46,26.66,55.37,7.19,74.44,millet
97.18,39.63,47.38,12.15,53.83,6.01,67.87,wheat
14.7,50.09,29.91,18.21,36.75,7.42,66.84,lentil
18.53,68.49,16.36,18.61,32.22,6.11,55.33,lentil
122.28,36.17,33.81,32.51,41.88,6.2,111.04,cotton
86.62,57.76,47.1,10.69,63.88,6.09,76.24,wheat
102.72,9.12,57.72,31.39,91.27,7.33,49.37,muskmelon
12.48,13.39,6.92,29.28,88.65,6.11,107.11,orange
49.32,56.83,81.24,22.04,15.19,6.77,97.94,chickpea
123.46,38.3,32.66,31.3,79.47,6.22,194.65,sugarcane
35.25,104.44,193.18,19.16,91.73,6.92,157.65,apple
17.16,13.06,36.61,19.04,85.6,5.81,54.04,pomegranate
12.84,77.37,15.36,23.13,24.42,6.81,39.04,lentil
96.29,85.98,71.7,28.93,80.02,6.12,193.13,banana
74.79,52.32,26.75,31.62,58.93,6.08,78.66,maize
36.42,65.69,189.06,16.88,63.26,5.62,84.54,grapes
96.53,39.57,24.75,18.26,56.57,5.69,119.46,wheat
32.61,116.87,196.85,22.03,86.2,6.11,132.11,apple
84.98,35.97,31.29,28.56,64.21,7.2,87.07,maize
83.11,47.3,37.64,27.09,70.04,6.89,230.77,rice
115.88,39.73,24.63,25.79,51.63,6.17,113.08,cotton
99.58,15.35,53.02,24.45,88.79,6.68,41.21,watermelon
87.22,54.22,22.98,20.53,65.58,6.8,103.83,wheat
26.67,48.44,19.92,28.95,50.88,5.48,31.85,mothbeans
77.74,33.82,42.61,29.4,86.93,6.85,242.33,rice
89.93,31.78,46.48,29.8,64.99,5.06,125.62,sugarcane
65.2,56.77,25.54,19.97,59.71,6.0,83.47,maize
18.08,36.46,46.81,26.79,44.52,6.49,84.19,mango
87.45,83.17,76.99,22.48,73.54,6.48,170.68,banana
20.95,56.19,17.11,19.67,19.35,6.03,80.66,kidneybeans
34.32,58.67,71.03,21.75,15.3,7.55,93.46,chickpea
26.09,61.17,22.9,33.3,45.55,5.85,51.85,mothbeans
57.82,51.38,22.02,26.32,60.43,6.27,36.21,millet
109.64,93.45,67.97,30.01,77.81,6.73,206.93,banana
34.56,96.8,188.22,28.52,64.62,6.03,54.54,grapes
107.91,38.47,36.12,26.25,56.59,6.02,64.05,cotton
108.89,26.97,31.32,17.1,75.0,5.03,124.31,coffee
74.57,38.13,39.4,30.91,75.41,5.68,125.21,maize
90.0,31.81,24.11,22.66,64.21,6.41,114.56,maize
37.6,118.15,210.21,11.78,90.7,5.79,160.34,apple
72.81,47.19,33.43,23.16,68.88,6.86,146.06,sugarcane
75.36,63.4,36.46,20.91,55.83,5.72,70.17,wheat
95.67,48.58,42.58,25.84,83.07,6.9,180.64,rice
18.04,5.67,13.62,20.35,86.56,6.83,115.79,orange
44.14,53.1,73.74,16.1,17.29,6.6,85.61,chickpea
26.17,7.07,26.01,29.28,93.39,5.61,137.81,coconut
115.56,65.07,20.28,25.95,53.22,7.47,85.61,maize
121.26,61.96,45.93,30.49,70.92,6.78,200.05,banana
74.44,7.01,55.0,25.25,90.5,6.62,44.55,watermelon
80.95,6.04,53.42,31.71,88.06,7.49,43.12,muskmelon
19.67,11.24,46.02,18.27,85.71,7.31,41.4,pomegranate
5.21,12.91,44.93,20.42,88.89,5.87,32.85,pomegranate
15.25,52.38,19.43,27.82,44.06,5.29,47.96,mothbeans
98.99,46.35,36.61,25.89,90.24,5.51,270.87,rice
82.69,44.35,47.65,23.77,74.18,6.05,201.14,jute
59.66,52.62,54.81,28.51,81.27,6.07,157.77,papaya
69.66,53.69,35.72,29.19,52.48,6.92,71.91,millet
66.91,68.52,24.22,24.5,65.8,6.95,118.6,wheat
93.82,77.08,76.14,32.01,78.09,5.74,111.1,banana
81.99,18.01,44.98,24.75,86.23,6.46,53.2,watermelon
70.84,30.72,32.1,35.38,51.51,6.93,44.25,millet
123.28,69.41,68.09,27.13,77.95,6.07,157.23,banana
88.24,11.89,58.86,25.05,87.4,7.22,44.94,muskmelon
138.47,32.55,17.39,23.74,64.6,6.15,89.75,cotton
15.98,58.81,18.2,26.86,37.07,5.93,42.19,lentil
109.87,12.07,59.73,33.84,87.64,6.56,47.0,muskmelon
119.35,51.73,34.82,31.14,75.53,6.44,77.35,maize
85.8,66.7,55.95,25.92,88.65,6.63,179.88,banana
124.22,16.72,27.7,18.7,74.89,6.37,154.81,coffee
13.11,65.0,26.51,20.84,40.35,6.18,69.06,lentil
85.61,41.38,28.82,22.73,40.28,6.34,84.99,cotton
93.81,14.88,51.82,35.11,86.53,6.8,30.8,muskmelon
17.39,17.15,48.3,27.88,67.72,5.68,117.17,mango
25.75,69.97,21.05,20.03,24.92,5.81,100.33,kidneybeans
77.85,8.29,42.6,31.42,79.51,6.12,42.84,watermelon
69.17,52.88,46.18,27.79,83.26,5.5,198.62,rice
91.37,5.36,49.62,29.26,80.86,6.6,64.67,watermelon
85.63,49.82,49.17,31.18,70.14,7.07,88.69,maize
12.69,6.26,9.45,25.27,88.76,6.93,108.63,orange
13.89,53.25,16.17,25.24,45.4,5.56,41.29,lentil
17.9,95.8,208.86,23.89,68.15,5.8,83.84,grapes
63.9,42.26,44.63,26.98,71.52,7.11,217.44,jute
111.27,6.98,51.17,30.15,93.68,6.2,47.94,muskmelon
118.53,9.22,54.57,34.52,87.8,7.09,28.28,muskmelon
135.55,25.88,26.92,17.88,52.4,5.06,158.43,coffee
75.8,47.97,44.3,36.0,64.48,6.55,68.04,millet
104.11,43.3,21.33,25.64,74.41,5.85,130.12,maize
107.51,49.92,23.96,22.82,56.03,6.44,80.08,cotton
119.09,21.34,50.65,20.51,60.97,5.41,188.06,coffee
68.8,69.41,46.19,34.96,92.02,6.46,113.23,papaya
29.96,69.9,22.31,19.79,18.93,5.72,117.56,kidneybeans
78.39,54.1,32.78,27.66,60.55,5.58,138.3,maize
29.95,18.22,13.78,20.98,82.17,7.85,113.85,orange
62.41,65.57,45.54,33.73,89.07,6.91,154.26,papaya
17.42,23.53,43.79,25.58,65.16,5.56,116.35,mango
52.65,55.77,27.97,31.27,41.65,6.7,79.06,millet
20.7,45.47,19.22,33.25,64.49,4.29,48.71,mothbeans
28.53,136.29,201.09,20.26,86.87,5.52,109.32,apple
122.22,30.03,26.92,23.73,46.79,7.36,50.65,cotton
16.0,12.35,37.92,29.18,84.24,7.08,42.69,pomegranate
15.41,43.85,19.56,28.2,58.63,3.75,37.02,mothbeans
15.48,14.42,7.92,33.74,90.47,7.44,96.52,orange
104.74,55.47,37.87,25.45,66.24,5.17,138.5,sugarcane
31.36,26.22,50.56,29.9,44.13,5.89,53.22,mango
124.8,87.83,50.13,28.07,93.4,6.46,238.4,banana
39.3,75.31,207.17,17.29,75.55,5.64,53.83,grapes
82.9,13.58,49.68,25.44,87.57,7.23,57.32,watermelon
35.64,71.11,78.49,21.96,15.17,7.78,75.75,chickpea
30.68,15.35,31.32,30.97,49.76,6.73,75.97,mango
105.25,58.49,35.98,20.2,73.81,5.69,250.42,rice
16.34,6.36,40.71,23.31,82.56,5.54,50.64,pomegranate
95.64,6.93,57.51,25.78,94.63,6.41,46.78,muskmelon
59.08,43.17,34.6,31.06,51.63,7.32,53.16,millet
13.12,76.43,15.48,27.01,35.1,5.52,63.31,lentil
116.89,20.87,22.58,33.73,71.09,5.32,235.76,sugarcane
107.03,31.46,53.69,16.75,64.96,5.8,124.86,coffee
25.9,79.88,213.89,26.81,81.01,6.3,64.37,grapes
46.22,63.99,50.08,35.79,91.91,6.09,161.87,papaya
25.4,15.47,7.1,26.75,88.38,6.75,107.33,orange
41.17,58.48,43.41,35.44,87.31,6.75,143.77,papaya
20.66,51.81,22.03,27.64,47.09,5.95,34.79,mothbeans
98.93,75.22,70.73,33.86,84.14,6.49,122.51,banana
17.86,17.21,36.02,34.89,91.9,6.28,187.51,coconut
119.57,45.3,46.09,30.69,61.27,6.87,119.56,maize
36.38,137.48,200.89,20.74,92.32,5.53,167.68,apple
29.92,45.7,21.07,28.26,56.56,5.77,56.01,mothbeans
16.68,18.43,33.9,28.7,95.84,6.07,173.86,coconut
21.56,78.79,19.18,19.09,49.84,5.86,45.4,lentil
85.62,34.18,43.1,28.84,57.18,6.54,57.14,millet
112.82,51.04,38.29,20.1,93.7,5.63,258.01,rice
81.17,51.86,36.99,25.87,64.2,7.4,48.9,millet
18.09,66.82,24.11,17.01,19.74,6.36,67.48,kidneybeans
81.8,62.04,40.38,31.34,54.28,6.72,130.32,maize
24.14,84.77,194.62,17.63,73.97,5.6,85.47,grapes
73.99,41.6,26.4,26.3,42.05,7.07,52.13,millet
17.27,14.31,43.77,20.55,93.41,7.44,58.4,pomegranate
90.33,68.67,26.45,22.94,51.52,6.49,139.41,maize
76.97,46.35,30.15,18.97,63.68,6.79,54.61,wheat
87.43,53.21,35.41,34.74,91.41,6.99,164.16,jute
67.84,55.49,56.42,36.29,88.77,6.31,149.96,papaya
51.5,63.49,43.01,29.38,94.01,6.59,115.81,papaya
23.93,76.37,26.86,23.47,41.23,6.55,42.14,lentil
95.74,10.85,49.43,31.51,80.49,6.97,49.7,watermelon
72.21,51.97,47.83,16.57,60.95,5.74,118.12,wheat
79.13,53.92,40.18,22.49,59.05,5.79,119.42,maize
87.86,46.36,51.97,34.61,73.04,6.56,211.8,jute
80.84,13.05,47.16,30.06,92.11,6.81,26.81,muskmelon
16.73,127.45,194.65,17.43,89.44,6.29,120.35,apple
38.01,76.18,199.98,17.18,71.45,5.98,50.21,grapes
22.71,55.01,24.07,28.89,64.96,3.79,69.19,mothbeans
34.65,10.52,27.9,29.37,90.52,5.85,188.86,coconut
82.84,16.75,46.63,30.89,75.68,7.31,67.41,watermelon
83.63,61.8,30.17,31.15,72.65,5.9,105.82,maize
94.8,48.75,29.85,24.54,43.21,6.61,116.42,cotton
102.17,56.84,58.7,24.87,74.14,7.34,121.1,sugarcane
105.79,49.93,35.44,24.98,59.26,5.55,145.07,maize
133.96,46.91,15.82,34.07,49.43,7.92,91.09,cotton
19.7,9.36,32.61,33.9,97.05,5.59,207.18,coconut
92.69,56.04,37.19,28.18,41.4,6.15,114.79,cotton
22.41,69.32,26.12,20.94,44.64,5.52,64.12,lentil
115.43,53.63,48.75,26.61,93.34,6.14,231.68,rice
36.38,63.46,214.28,22.34,84.89,6.39,91.85,grapes
18.98,58.44,23.37,18.12,20.21,6.11,115.57,kidneybeans
96.92,39.93,45.96,20.24,59.82,6.66,88.14,maize
29.58,73.35,26.71,19.28,42.37,6.26,56.15,lentil
108.54,36.62,33.13,16.16,60.29,5.98,81.09,wheat
16.09,11.1,5.84,29.54,83.05,7.94,101.2,orange
19.75,54.67,24.85,20.71,31.86,6.1,47.13,lentil
22.82,15.46,26.61,29.17,93.82,5.54,175.71,coconut
104.07,10.9,56.9,35.49,90.76,6.18,42.92,muskmelon
111.71,31.69,20.56,23.82,65.86,6.65,90.14,wheat
27.86,47.35,20.2,29.07,58.68,5.57,55.22,mothbeans
19.65,75.27,202.15,15.63,80.66,6.75,65.2,grapes
11.67,10.02,41.95,27.76,85.82,7.35,49.61,pomegranate
72.66,58.29,56.29,23.15,86.39,6.09,287.18,rice
107.4,30.41,59.63,22.4,70.11,6.13,212.21,sugarcane
10.87,57.45,16.25,19.71,38.82,5.53,68.65,lentil
71.32,57.9,37.15,13.5,63.27,5.59,102.13,wheat
123.63,33.12,28.25,25.1,54.76,6.12,119.79,cotton
25.51,14.29,12.64,29.38,88.68,6.17,91.82,orange
41.08,50.4,58.81,26.33,85.97,6.48,112.56,papaya
23.48,63.31,15.67,32.78,40.57,5.84,56.99,mothbeans
97.01,17.14,38.48,27.91,76.02,5.26,203.04,coffee
36.83,101.28,191.91,16.46,89.26,5.68,115.69,apple
87.65,21.18,47.33,24.25,65.37,5.47,141.98,sugarcane
13.7,8.72,49.75,28.74,82.21,6.85,56.68,pomegranate
18.32,64.74,24.88,16.04,24.19,5.74,96.24,kidneybeans
56.16,44.2,20.92,37.19,42.96,6.35,73.96,millet
70.55,42.41,36.66,29.7,91.82,6.99,223.53,jute
114.43,97.36,79.45,25.73,85.22,5.97,178.81,banana
49.35,60.44,50.61,36.48,92.63,6.96,175.64,papaya
24.15,57.47,24.13,26.48,25.49,7.47,61.94,lentil
63.5,48.73,28.32,30.59,45.76,6.93,58.53,millet
119.9,11.03,53.99,28.99,93.69,7.0,45.1,muskmelon
115.82,48.34,29.68,26.52,65.37,7.23,106.96,cotton
14.46,11.84,41.43,19.71,81.94,6.06,51.74,pomegranate
64.15,51.24,47.33,27.94,82.41,7.13,242.72,jute
101.93,12.64,51.12,32.08,87.14,6.21,23.26,muskmelon
60.93,63.46,45.11,25.42,92.78,6.97,150.51,papaya
108.65,56.44,30.74,27.37,78.3,6.9,270.34,rice
77.1,59.94,33.47,18.01,49.28,7.12,82.83,wheat
59.25,63.33,94.84,17.11,18.4,7.72,88.02,chickpea
27.69,5.12,27.05,28.76,98.49,6.51,156.53,coconut
71.91,35.02,49.28,29.11,82.45,5.23,189.1,sugarcane
95.52,45.32,27.97,29.55,57.26,6.89,77.38,cotton
90.07,10.08,51.29,34.2,94.83,6.12,23.03,muskmelon
16.1,58.44,15.54,29.08,44.43,5.07,37.84,mothbeans
118.04,62.18,30.97,21.86,40.42,6.57,81.84,wheat
37.82,101.63,200.7,20.64,87.28,6.24,159.21,apple
109.4,32.95,49.17,26.99,63.5,6.86,91.01,maize
31.79,44.49,42.87,30.21,69.8,6.1,80.03,mango
58.02,67.08,95.25,24.26,14.58,7.96,67.19,chickpea
106.25,17.6,56.91,29.83,85.48,6.34,46.08,watermelon
25.24,80.09,87.41,23.05,19.1,7.56,78.3,chickpea
87.87,10.99,44.11,25.81,91.29,6.14,45.25,watermelon
78.09,38.45,24.12,13.83,49.84,5.52,102.29,wheat
83.03,45.53,32.35,28.43,50.6,6.99,68.42,millet
125.9,61.83,68.05,23.7,74.31,5.57,146.1,banana
10.6,14.02,45.89,25.57,84.81,6.78,42.21,pomegranate
35.81,24.76,39.28,35.7,56.22,6.04,94.48,mango
100.56,26.34,42.72,17.99,61.56,5.16,140.23,coffee
102.97,37.16,41.87,26.72,77.5,5.97,262.78,rice
67.01,46.27,30.66,32.61,82.93,5.14,249.46,sugarcane
76.2,54.25,46.15,24.83,80.89,6.6,190.26,rice
41.04,69.17,48.43,27.13,90.24,6.83,137.19,papaya
23.14,73.26,19.94,20.4,20.71,6.14,71.95,kidneybeans
97.98,13.52,51.89,29.61,77.96,6.43,46.63,watermelon
61.85,54.28,51.2,37.97,94.09,6.38,114.32,papaya
61.16,46.72,32.67,25.85,46.57,7.42,47.88,millet
100.18,14.02,49.85,23.77,85.15,6.77,68.54,watermelon
68.73,51.25,36.98,21.89,45.1,5.66,110.96,wheat
33.96,61.73,209.62,28.87,64.4,6.68,74.25,grapes
24.75,9.32,13.81,26.84,90.5,7.42,98.92,orange
66.58,43.73,43.38,28.71,87.22,6.24,219.67,jute
5.2,13.97,44.85,31.43,93.15,6.92,51.57,pomegranate
104.93,51.05,17.06,28.98,58.48,6.55,71.69,cotton
93.83,72.77,57.64,23.53,73.73,5.91,102.29,banana
21.46,14.56,7.56,26.32,90.87,6.89,97.29,orange
26.78,54.72,22.19,29.29,57.02,5.99,48.14,mothbeans
94.46,61.41,76.91,31.74,88.17,6.35,109.21,banana
24.98,5.51,29.17,28.84,97.44,5.63,157.91,coconut
17.8,59.04,22.22,34.32,44.45,5.86,45.56,mothbeans
58.49,59.47,54.46,32.37,83.49,6.77,120.16,papaya
18.85,13.73,34.44,31.69,91.83,6.72,219.33,coconut
102.96,39.31,21.24,34.25,64.12,7.22,123.57,sugarcane
28.51,17.78,29.51,28.11,98.9,5.51,178.5,coconut
89.0,84.38,68.34,34.73,70.04,5.54,193.82,banana
16.19,99.85,196.08,18.39,78.57,5.64,92.21,grapes
25.79,87.72,95.12,20.0,16.73,7.4,65.83,chickpea
19.88,10.44,7.81,33.57,90.6,6.42,95.88,orange
28.03,15.09,9.13,33.43,90.55,7.52,106.14,orange
95.44,11.67,49.1,33.21,90.63,6.23,32.06,muskmelon
25.38,119.58,216.56,17.15,88.45,6.13,152.95,apple
23.65,14.54,27.77,33.19,95.92,5.76,204.17,coconut
8.53,14.43,47.05,23.83,80.19,6.12,34.76,pomegranate
11.98,72.24,20.16,17.17,20.83,5.56,117.43,kidneybeans
6.73,14.11,38.91,21.35,89.67,6.62,31.57,pomegranate
38.22,77.24,77.63,21.02,19.71,7.76,60.49,chickpea
57.6,57.45,47.56,32.65,80.51,6.7,150.36,papaya
80.3,29.92,41.11,27.31,59.14,6.12,210.35,coffee
60.85,46.02,38.23,29.74,83.83,6.55,168.94,rice
66.87,54.58,58.94,21.08,70.64,5.97,251.6,rice
13.8,67.75,22.73,20.23,18.47,6.49,73.61,kidneybeans
101.61,44.99,29.17,26.78,47.65,6.21,90.17,cotton
35.26,62.87,83.27,15.06,19.22,6.6,67.7,chickpea
114.78,48.46,23.52,22.48,54.95,6.93,85.62,wheat
88.2,13.79,56.05,28.0,91.9,6.62,32.41,muskmelon
22.07,6.19,36.9,32.27,92.94,6.26,157.61,coconut
84.83,10.44,45.82,31.45,78.17,6.95,54.26,watermelon
23.36,8.95,30.7,30.84,95.74,6.23,195.69,coconut
37.16,84.15,211.58,24.57,75.29,5.75,98.51,grapes
23.79,57.06,23.96,16.62,24.07,5.7,84.74,kidneybeans
77.02,18.46,40.28,31.47,81.85,6.46,46.73,watermelon
87.74,62.28,41.7,23.54,74.49,6.99,112.05,maize
95.8,30.66,35.46,21.39,54.31,6.36,115.33,maize
67.83,69.94,52.64,31.37,87.1,6.87,160.05,papaya
98.33,48.17,40.31,31.15,92.2,6.59,191.73,jute
96.62,16.55,51.49,25.55,92.61,7.3,44.58,watermelon
87.9,43.26,36.41,24.73,92.53,6.69,175.45,rice
15.51,55.13,22.3,31.62,53.56,5.94,53.93,mothbeans
74.13,60.15,48.62,22.23,71.69,5.52,118.83,maize
83.68,40.92,48.02,23.24,76.54,5.62,151.86,sugarcane
76.6,45.8,40.03,35.86,54.74,7.02,70.31,millet
56.09,66.35,88.81,21.24,19.21,6.75,71.73,chickpea
59.2,70.25,80.91,20.44,16.54,7.92,60.0,chickpea
15.9,56.23,19.49,19.33,18.22,6.23,103.44,kidneybeans
15.26,12.88,42.34,22.56,92.55,6.25,58.11,pomegranate
75.63,8.73,51.29,23.28,78.12,7.04,62.87,watermelon
16.8,62.79,22.57,15.72,21.59,6.31,72.74,kidneybeans
12.59,15.57,13.63,21.77,83.19,6.95,112.39,orange
10.27,14.71,42.35,18.38,80.58,6.47,57.18,pomegranate
98.49,53.07,39.53,28.74,62.5,6.78,104.82,maize
33.6,16.14,26.9,25.34,93.88,6.54,228.99,coconut
11.17,10.85,8.2,26.19,84.86,6.75,114.83,orange
29.97,16.29,12.4,33.69,80.13,6.6,114.67,orange
51.57,60.76,44.21,34.13,85.2,6.81,163.7,papaya
13.42,126.46,195.39,12.73,85.89,5.62,161.37,apple
20.04,77.71,27.65,22.67,23.29,5.72,30.85,lentil
95.76,39.68,35.57,30.94,81.32,6.4,242.69,jute
93.38,26.36,41.8,23.06,64.19,5.99,191.59,coffee
15.59,30.02,38.74,35.12,40.64,5.99,102.94,mango
90.49,65.17,45.92,14.14,63.7,6.33,115.4,wheat
118.29,32.55,34.22,30.55,50.65,7.29,53.1,cotton
101.14,51.78,49.34,15.38,51.94,5.88,58.55,wheat
27.31,108.52,218.86,21.13,87.01,6.91,137.29,apple
129.71,52.84,31.91,28.36,57.32,6.54,79.0,cotton
13.17,70.63,23.34,20.24,21.67,5.7,66.62,kidneybeans
122.47,51.04,19.1,34.39,55.69,7.57,100.45,cotton
93.12,54.88,48.56,28.62,84.43,6.56,156.87,rice
17.37,73.47,182.69,27.02,71.88,5.81,89.78,grapes
22.82,79.31,99.86,21.97,15.16,7.06,86.29,chickpea
87.13,8.71,55.49,35.02,85.99,7.42,46.77,muskmelon
118.13,6.71,53.4,31.15,85.58,6.52,46.03,muskmelon
88.08,8.22,52.43,27.46,77.36,6.42,63.06,watermelon
24.35,77.33,16.02,23.03,47.94,6.51,30.87,lentil
28.17,133.66,209.87,24.11,90.36,6.68,116.78,apple
87.99,59.79,18.57,28.9,40.25,7.3,80.81,cotton
99.26,48.82,36.1,29.86,62.93,7.26,125.48,maize
12.87,11.42,40.94,20.17,92.34,7.13,43.45,pomegranate
25.56,5.77,32.08,30.24,93.97,5.9,213.6,coconut
11.44,57.36,28.64,29.64,23.01,6.55,59.07,lentil
12.42,8.04,12.52,28.79,87.39,7.5,101.55,orange
62.48,58.45,40.45,37.35,83.85,6.65,170.63,papaya
99.56,14.76,41.46,28.48,81.8,6.79,60.78,watermelon
12.49,12.2,45.8,24.41,85.86,7.01,57.62,pomegranate
121.44,22.38,47.61,15.42,74.42,5.15,206.8,coffee
115.36,14.5,53.32,30.48,86.27,7.49,34.07,muskmelon
112.28,15.18,26.96,23.71,73.21,6.3,162.42,coffee
10.88,31.65,33.41,25.82,66.92,6.81,58.78,mango
68.5,52.83,41.7,26.99,63.3,6.37,30.44,millet
103.06,36.11,49.03,22.64,82.21,6.86,276.92,rice
111.32,32.55,26.37,17.13,54.21,6.08,192.16,coffee
110.99,15.24,49.97,18.23,52.79,6.01,202.11,coffee
21.91,67.75,211.86,25.28,84.21,6.21,58.82,grapes
70.93,6.79,48.22,25.96,84.73,6.07,55.85,watermelon
135.22,50.75,28.59,32.28,50.79,7.79,87.58,cotton
83.2,29.5,49.83,33.97,82.43,5.05,222.61,sugarcane
28.01,16.72,9.75,30.8,89.09,7.52,105.14,orange
5.61,12.5,46.4,24.41,81.2,6.6,33.92,pomegranate
61.43,60.39,45.02,31.02,94.04,6.93,157.61,papaya
25.88,56.64,16.68,19.54,21.98,6.37,97.85,kidneybeans
56.6,34.78,29.81,29.9,42.07,6.12,69.81,millet
71.34,56.99,40.29,33.06,89.88,6.62,174.16,jute
30.98,5.1,37.49,25.26,91.83,6.91,187.12,coconut
11.64,5.93,13.89,27.14,86.69,6.74,105.79,orange
79.5,56.49,35.76,22.39,55.2,7.32,90.81,maize
36.71,85.12,199.04,25.41,62.99,6.27,78.76,grapes
107.68,28.74,33.72,15.88,52.95,6.09,168.72,coffee
38.55,16.68,48.27,24.86,54.1,5.88,134.15,mango
35.31,62.32,82.35,23.76,18.37,6.63,85.45,chickpea
16.42,37.97,52.78,27.05,68.85,6.39,89.71,mango
99.45,42.52,27.53,34.84,82.04,6.23,146.36,sugarcane
52.46,75.64,91.49,23.97,16.34,6.96,62.1,chickpea
13.24,7.28,42.3,28.13,86.49,7.39,34.79,pomegranate
116.01,9.98,54.05,35.97,94.2,7.41,47.86,muskmelon
51.81,57.4,94.39,15.2,17.34,7.3,92.49,chickpea
83.59,18.69,55.91,24.1,76.94,6.96,42.22,watermelon
138.21,16.26,31.68,23.36,62.1,5.35,165.91,coffee
20.0,13.15,32.42,32.35,93.21,6.87,152.03,coconut
108.71,79.47,63.69,28.02,83.88,6.73,126.43,banana
79.26,58.83,41.97,29.62,77.36,7.12,199.58,jute
27.85,30.14,31.66,27.48,51.83,5.76,58.25,mango
91.22,39.78,26.44,25.41,65.88,7.06,94.74,cotton
8.14,8.26,38.5,30.21,84.69,7.33,59.18,pomegranate
118.15,24.2,48.75,23.53,62.85,5.27,129.8,sugarcane
72.27,66.61,36.56,28.86,61.42,6.57,92.33,maize
52.78,81.74,70.59,18.81,19.12,7.64,96.86,chickpea
50.34,46.21,34.78,26.2,64.25,7.21,62.4,millet
104.12,32.04,46.47,30.61,66.75,6.51,120.57,sugarcane
25.7,34.19,34.29,28.17,56.19,7.11,94.19,mango
75.1,43.7,54.05,34.66,84.42,6.02,231.38,jute
17.57,53.65,22.35,29.91,58.28,5.02,39.35,mothbeans
23.61,63.87,17.02,19.45,19.45,5.85,112.2,kidneybeans
114.37,14.56,47.83,31.83,86.82,6.33,30.36,muskmelon
29.78,59.51,18.43,27.37,61.57,5.78,59.47,mothbeans
22.71,25.45,34.62,31.13,40.73,6.11,148.77,mango
109.09,19.19,49.75,25.19,94.49,6.71,44.89,watermelon
18.4,90.49,208.19,23.36,61.02,5.99,55.79,grapes
61.85,56.8,56.37,29.01,86.15,6.57,113.32,papaya
87.88,57.82,38.95,29.36,51.89,7.05,101.19,maize
129.4,41.01,35.57,22.54,61.57,7.09,119.28,cotton
11.27,6.69,47.77,20.69,84.2,6.54,57.48,pomegranate
26.15,63.7,182.2,24.62,74.59,5.83,96.78,grapes
60.71,65.1,55.89,32.09,84.7,6.65,125.75,papaya
84.07,41.66,58.83,29.67,73.84,7.1,222.76,sugarcane
19.61,54.81,22.26,26.69,54.47,3.62,64.56,mothbeans
17.07,12.43,48.11,20.8,88.55,6.99,54.99,pomegranate
35.08,78.7,92.08,18.82,17.85,7.34,94.25,chickpea
20.92,72.92,87.18,17.74,18.47,7.69,67.24,chickpea
99.0,33.2,15.13,26.01,50.8,6.54,59.28,cotton
101.04,51.32,30.82,24.16,44.18,6.41,64.49,cotton
69.37,38.12,37.05,31.99,43.66,6.91,42.63,millet
14.05,31.78,39.64,31.83,45.88,6.73,123.57,mango
73.48,35.97,30.73,22.45,81.88,6.77,160.92,rice
85.22,34.11,47.62,36.19,60.03,6.28,53.74,millet
111.53,13.52,53.6,30.75,94.4,7.22,38.84,muskmelon
106.07,43.6,30.22,26.02,62.25,7.48,58.36,cotton
52.82,74.2,82.59,16.53,19.95,7.15,61.04,chickpea
16.38,61.81,22.25,33.26,63.07,5.81,69.28,mothbeans
24.63,76.51,77.23,17.12,18.52,7.49,63.58,chickpea
16.24,7.41,49.76,18.48,84.65,7.05,55.64,pomegranate
92.07,54.94,51.46,30.1,73.06,6.05,162.17,sugarcane
22.49,52.83,24.15,25.75,60.85,5.1,65.13,mothbeans
33.29,14.8,34.08,29.49,93.77,6.35,212.68,coconut
72.81,11.26,45.2,29.16,77.42,7.16,59.41,watermelon
29.76,107.04,215.58,24.46,87.29,5.53,160.17,apple
118.05,33.26,21.71,27.99,64.2,6.43,223.25,sugarcane
18.94,64.26,16.98,29.54,42.23,3.83,67.26,mothbeans
26.28,5.17,29.54,31.45,98.04,6.43,134.26,coconut
21.84,114.84,219.04,18.39,88.71,5.89,135.26,apple
99.49,40.98,36.98,20.29,62.34,5.6,92.45,wheat
102.14,58.51,23.18,22.03,63.22,7.47,101.17,cotton
18.93,123.49,203.65,20.05,89.36,5.9,167.67,apple
29.53,44.3,24.46,27.22,57.36,4.36,54.32,mothbeans
70.23,55.16,38.59,29.78,54.43,6.86,62.84,maize
28.75,118.13,212.9,12.71,80.28,6.55,160.39,apple
30.45,18.5,38.15,25.16,91.09,5.9,185.46,coconut
96.62,32.53,28.83,29.8,58.23,7.56,98.33,cotton
96.4,10.34,54.28,26.87,94.33,6.56,24.3,muskmelon
29.96,61.41,83.45,21.36,15.63,7.67,63.2,chickpea
92.56,46.53,25.63,15.43,62.69,6.75,103.2,wheat
30.68,91.3,193.91,15.07,65.89,5.68,76.51,grapes
79.92,34.98,31.04,30.45,72.3,7.29,94.8,maize
18.6,9.5,28.48,27.92,94.37,6.7,169.22,coconut
64.11,57.7,26.38,27.41,74.77,7.01,201.76,sugarcane
21.38,82.53,88.93,21.76,18.18,7.47,70.45,chickpea
84.32,57.08,52.2,23.9,92.32,6.63,225.62,jute
21.97,69.93,24.38,16.69,21.33,5.78,70.02,kidneybeans
92.53,77.84,75.86,23.94,86.01,6.9,199.69,banana
17.8,103.56,201.04,24.21,81.76,6.58,130.46,apple
51.27,65.14,43.24,34.73,82.49,6.44,177.75,papaya
91.43,43.69,40.76,30.16,88.35,6.14,200.32,jute
87.1,6.49,57.28,25.33,85.39,6.81,48.74,muskmelon
65.11,58.67,42.33,27.49,83.91,6.3,141.12,papaya
107.83,17.55,48.68,30.48,81.01,7.5,42.53,watermelon
12.16,8.58,8.41,20.82,85.0,7.59,118.31,orange
54.71,33.23,33.47,26.94,41.84,7.16,64.39,millet
23.08,57.38,21.28,23.97,36.01,6.56,62.86,lentil
71.43,40.74,40.21,26.44,76.21,5.88,128.55,maize
17.01,41.45,18.11,25.71,43.08,4.81,60.87,mothbeans
76.3,39.59,46.2,21.38,75.78,6.54,255.96,rice
68.19,59.73,37.51,28.6,54.19,6.3,32.55,millet
22.1,84.62,75.37,19.88,16.35,7.98,86.37,chickpea
89.85,11.69,58.23,29.65,90.71,7.3,38.79,muskmelon
127.88,51.39,17.05,24.0,61.35,7.27,101.78,cotton
84.6,97.54,66.26,32.86,93.76,6.46,206.21,banana
61.9,46.35,43.07,28.72,79.35,6.79,97.83,maize
25.59,111.83,202.06,20.21,88.3,5.96,151.99,apple
100.63,25.32,44.38,21.66,54.83,5.33,203.47,coffee
12.02,74.22,17.25,25.05,31.46,6.67,64.08,lentil
59.45,88.3,94.38,15.17,16.16,6.57,92.3,chickpea
101.77,91.49,61.78,25.07,86.57,5.62,239.63,banana
12.56,58.69,21.41,15.84,22.7,5.63,62.41,kidneybeans
82.63,37.46,30.78,21.68,78.45,5.25,215.63,coffee
16.66,40.67,25.65,33.86,60.69,6.05,105.37,mango
25.97,71.71,16.96,17.07,23.41,5.96,65.46,kidneybeans
23.25,120.24,211.98,11.49,89.71,6.0,109.64,apple
85.9,93.92,71.98,34.99,80.35,6.0,184.06,banana
19.73,57.72,18.95,27.22,43.54,3.76,33.78,mothbeans
123.35,48.84,18.78,27.35,60.6,7.72,56.07,cotton
108.5,5.1,40.65,28.77,92.34,7.49,65.87,watermelon
100.62,50.48,16.21,23.29,63.52,6.92,58.7,cotton
19.7,127.72,210.61,20.7,90.63,6.6,117.94,apple
72.47,46.35,38.08,29.05,92.85,6.33,186.36,jute
64.6,64.57,45.66,19.23,55.21,6.43,88.8,wheat
32.86,18.84,38.61,33.1,95.32,6.64,164.09,coconut
15.81,7.92,10.86,31.48,80.66,6.06,95.93,orange
21.93,62.53,193.81,22.29,73.17,5.68,85.49,grapes
39.12,134.36,196.28,19.73,89.75,6.15,143.82,apple
64.59,64.61,48.49,30.12,81.07,6.49,159.23,papaya
90.47,34.8,29.0,34.46,46.96,6.81,62.91,cotton
23.19,6.05,5.57,27.78,82.58,7.72,102.33,orange
71.59,39.85,55.93,29.67,76.98,6.46,209.95,rice
100.51,63.18,64.0,25.18,83.68,6.43,183.63,banana
29.69,138.04,199.75,20.97,91.01,6.94,139.84,apple
42.62,57.77,83.09,17.55,19.48,7.58,80.38,chickpea
17.51,13.06,36.65,29.08,95.26,5.71,156.03,coconut
94.33,23.61,29.3,24.84,73.16,5.0,237.68,sugarcane
113.01,58.59,26.54,31.21,53.15,6.58,98.5,cotton
21.76,12.78,8.95,23.96,87.48,6.85,103.2,orange
23.9,55.77,16.98,27.17,50.12,4.31,39.03,mothbeans
25.24,96.58,196.58,23.34,77.76,6.63,56.85,grapes
128.08,26.2,50.7,20.81,53.56,5.75,185.34,coffee
26.86,18.66,5.21,30.16,85.68,7.57,93.33,orange
80.0,53.31,24.24,15.25,69.03,6.9,77.44,wheat
16.68,13.64,35.14,18.19,92.1,7.24,48.52,pomegranate
90.04,35.36,57.38,28.71,77.46,6.46,241.35,rice
19.54,64.38,18.61,18.79,19.85,6.09,93.67,kidneybeans
127.81,77.27,76.72,33.16,78.37,5.9,114.74,banana
80.31,57.71,39.5,22.78,65.57,7.22,76.6,wheat
80.21,60.65,23.93,15.65,44.87,7.16,103.98,wheat
22.38,56.57,17.76,26.95,36.78,7.18,62.66,lentil
14.9,37.11,36.69,28.54,47.89,6.34,73.96,mango
16.29,78.31,15.13,22.28,28.47,6.3,37.8,lentil
118.26,55.82,30.34,27.21,87.04,6.31,190.02,rice
96.01,45.36,35.31,24.84,79.36,7.23,232.0,jute
87.45,8.83,48.97,32.78,88.51,7.21,46.87,muskmelon
119.33,11.9,58.55,35.74,91.64,6.22,33.35,muskmelon
116.23,68.48,23.52,31.99,64.37,5.99,114.4,maize
16.13,70.28,17.51,20.63,22.1,6.13,100.19,kidneybeans
64.27,31.19,25.49,24.59,82.12,6.31,194.61,sugarcane
106.25,30.21,36.51,31.01,62.21,7.37,139.06,maize
88.99,39.49,37.16,18.62,69.78,6.09,118.46,wheat
108.34,10.61,57.56,29.13,90.19,7.39,31.48,muskmelon
110.12,57.06,19.48,32.46,69.44,7.91,54.82,cotton
94.36,35.99,29.84,25.28,53.49,5.91,112.48,maize
63.78,53.89,52.11,29.06,84.86,6.51,101.87,papaya
100.74,67.95,31.16,28.68,67.22,6.56,95.82,maize
74.48,11.85,40.15,30.03,83.01,7.29,50.64,watermelon
88.73,11.91,46.66,28.78,89.08,6.38,62.43,watermelon
29.85,53.01,17.03,28.91,62.11,3.72,64.85,mothbeans
25.5,50.07,24.38,27.36,50.13,5.45,35.86,mothbeans
83.56,40.52,22.03,29.0,49.71,7.41,70.25,cotton
86.97,9.07,58.73,24.17,82.11,6.21,66.97,watermelon
94.27,10.63,42.03,28.4,80.52,6.55,67.71,watermelon
62.62,31.02,25.75,29.91,77.34,5.1,233.44,sugarcane
28.52,54.31,16.03,29.05,46.52,5.21,66.64,mothbeans
117.09,31.31,31.12,16.65,68.52,7.21,56.95,wheat
66.63,31.54,48.43,36.66,63.07,6.44,32.66,millet
65.55,40.36,31.43,31.38,58.1,7.36,34.47,millet
86.51,41.84,24.06,28.23,81.6,6.63,203.07,sugarcane
104.43,17.66,27.17,18.83,78.41,6.2,215.67,coffee
119.45,84.18,57.03,24.34,82.74,6.33,167.51,banana
19.74,6.45,40.12,26.86,91.17,7.2,47.21,pomegranate
122.36,38.92,30.36,23.1,44.02,6.24,71.38,cotton
19.07,7.06,39.64,27.31,96.68,5.82,167.24,coconut
54.91,57.87,47.45,32.11,81.62,6.22,178.02,papaya
10.07,59.79,22.79,20.56,24.61,6.47,66.8,kidneybeans
27.7,16.63,6.47,24.63,85.14,6.74,90.24,orange
15.74,60.67,16.77,20.38,21.31,6.26,63.92,kidneybeans
98.46,81.96,42.13,31.14,90.52,6.04,229.19,banana
94.07,60.29,25.26,29.99,76.91,7.15,106.38,maize
97.65,53.76,42.66,20.64,79.54,6.99,229.37,rice
48.4,55.26,42.05,35.36,88.81,6.77,126.41,papaya
139.41,36.78,32.1,33.02,59.61,7.72,103.17,cotton
36.35,74.79,194.91,19.27,68.78,6.97,93.72,grapes
63.99,46.1,46.62,23.39,77.25,6.63,172.29,jute
55.86,56.83,98.4,18.9,16.07,7.61,98.72,chickpea
12.34,14.06,35.78,21.34,84.6,6.4,42.99,pomegranate
12.05,5.19,42.66,19.34,91.25,6.75,32.44,pomegranate
117.48,8.2,50.36,35.54,86.34,7.29,49.59,muskmelon
12.71,137.73,211.73,12.11,81.68,6.6,165.31,apple
12.89,69.49,22.86,21.08,20.28,5.91,99.57,kidneybeans
132.57,35.33,42.25,24.02,78.98,5.84,197.0,coffee
17.94,63.6,24.59,20.62,19.92,6.31,92.79,kidneybeans
64.39,64.55,49.1,25.63,84.23,6.12,139.17,papaya
62.89,51.92,42.57,34.92,82.0,6.77,171.84,papaya
51.86,70.79,88.05,17.22,16.37,7.31,78.42,chickpea
12.96,76.51,28.91,21.25,43.72,6.78,39.96,lentil
49.78,54.64,81.03,23.53,19.72,7.37,60.07,chickpea
123.89,40.1,35.54,24.34,67.97,5.55,234.36,sugarcane
113.01,63.62,72.68,33.53,92.58,6.45,100.03,banana
83.56,14.46,53.61,35.44,88.87,6.61,40.89,muskmelon
39.27,90.79,181.89,20.3,71.4,5.75,96.21,grapes
61.5,65.37,36.84,23.73,46.64,5.63,107.67,wheat
52.04,45.51,23.7,30.7,52.19,7.15,31.81,millet
72.04,37.14,46.33,30.54,83.65,6.56,237.59,jute
96.82,36.97,42.65,31.91,73.26,6.68,213.15,jute
67.26,36.74,40.14,25.88,75.75,5.83,160.65,rice
26.81,86.15,215.71,21.26,72.3,6.53,62.24,grapes
62.01,53.91,41.1,18.68,72.22,6.3,81.09,maize
28.49,58.7,15.65,16.87,18.33,5.62,83.5,kidneybeans
97.06,39.82,35.59,23.28,82.79,6.23,236.69,jute
94.27,50.54,23.52,29.99,75.84,6.01,244.8,sugarcane
113.49,29.37,31.83,18.36,61.64,5.95,163.3,coffee
27.08,133.35,191.53,10.12,89.46,6.57,168.56,apple
116.09,53.17,32.53,20.13,59.9,6.26,135.0,maize
21.44,115.95,195.34,24.48,92.98,5.63,159.66,apple
39.84,130.55,194.54,22.8,89.86,6.7,103.73,apple
42.01,69.54,46.24,27.44,90.41,6.54,126.48,papaya
22.55,53.69,27.37,19.23,28.9,6.52,63.46,lentil
31.04,38.74,28.77,26.79,69.45,7.08,125.67,mango
89.65,60.18,42.8,16.73,67.72,6.63,94.47,wheat
109.77,40.7,25.41,20.54,49.27,6.18,50.43,wheat
71.42,32.91,42.93,24.24,81.68,6.59,251.0,rice
124.16,27.09,35.76,17.84,64.63,5.09,156.94,coffee
62.41,60.25,34.12,19.77,67.48,5.86,90.97,wheat
67.52,37.61,39.17,30.09,83.19,7.29,226.05,jute
16.6,59.47,16.12,26.28,54.93,5.81,39.78,mothbeans
118.43,42.96,15.73,29.98,45.92,7.18,77.22,cotton
94.74,28.31,57.32,26.3,60.07,6.68,236.03,sugarcane
27.4,69.03,23.26,27.8,26.62,6.04,53.27,lentil
119.71,27.26,42.18,19.66,73.52,5.48,142.0,coffee
21.49,73.49,24.22,19.39,24.84,5.5,117.52,kidneybeans
113.84,65.31,68.98,27.97,87.84,6.28,100.62,banana
46.13,64.69,73.6,15.83,16.94,7.5,80.39,chickpea
15.05,48.62,19.07,31.64,64.54,5.76,52.65,mothbeans
33.65,16.91,29.76,33.41,95.95,6.82,133.56,coconut
99.78,13.33,59.75,27.7,87.26,6.97,26.48,muskmelon
76.9,59.17,36.96,26.14,77.55,6.47,206.39,jute
22.44,80.07,70.22,20.82,19.93,6.65,80.89,chickpea
98.19,50.97,54.31,33.53,86.97,7.35,194.93,jute
23.36,65.8,17.87,18.66,23.38,5.65,109.46,kidneybeans
99.76,42.73,35.82,29.24,78.58,6.92,193.35,jute
15.57,56.67,22.89,17.47,20.72,5.69,116.7,kidneybeans
90.8,38.96,42.98,22.33,50.56,6.08,186.17,coffee
13.55,24.53,51.39,32.72,62.96,7.26,91.4,mango
20.22,57.48,26.5,28.37,49.83,5.99,62.82,lentil
35.11,61.07,80.26,20.86,16.87,7.51,64.03,chickpea
18.7,14.19,36.27,27.33,84.78,6.52,33.41,pomegranate
9.91,13.25,42.24,20.05,84.09,6.14,59.56,pomegranate
112.9,12.65,57.1,35.46,87.42,7.18,39.38,muskmelon
24.27,69.27,23.84,18.72,24.31,6.09,117.71,kidneybeans
17.11,60.66,21.11,26.86,46.17,5.88,57.34,mothbeans
105.83,44.64,32.02,25.98,55.84,6.61,66.62,maize
80.43,6.17,49.67,26.13,91.29,6.71,39.81,muskmelon
101.92,8.89,51.72,26.28,90.54,6.51,30.97,muskmelon
94.72,41.49,50.7,24.33,93.68,6.11,182.93,jute
112.66,19.35,44.61,19.75,69.6,6.25,171.67,coffee
27.14,16.48,36.98,25.02,55.05,7.05,63.04,mango
104.26,6.6,44.86,25.25,84.59,7.08,54.1,watermelon
28.95,6.66,32.06,34.17,92.37,5.54,163.8,coconut
23.64,60.37,20.05,34.18,59.3,5.33,44.73,mothbeans
26.03,100.23,193.5,12.58,87.16,6.54,160.81,apple
117.27,38.97,45.48,19.17,77.48,6.42,158.59,coffee
25.17,13.82,39.17,25.97,92.68,6.01,186.41,coconut
52.6,76.0,81.07,15.67,15.31,6.95,83.95,chickpea
86.92,42.66,38.36,22.5,93.08,6.16,279.2,rice
66.16,45.75,48.86,37.26,48.85,6.91,65.92,millet
122.05,16.81,52.84,16.38,73.61,5.45,128.65,coffee
88.48,68.68,43.49,28.87,67.33,6.94,112.52,maize
89.15,38.09,34.59,26.24,61.13,6.33,52.98,millet
70.98,53.95,54.07,33.3,61.87,6.23,136.13,sugarcane
54.12,63.74,53.98,36.87,90.03,6.83,156.5,papaya
11.85,14.32,49.75,30.8,81.8,6.77,58.57,pomegranate
125.67,77.75,41.0,28.27,82.5,5.79,238.55,banana
26.37,12.78,27.44,28.81,96.71,6.89,143.19,coconut
110.88,48.19,39.88,19.63,57.91,5.54,105.08,wheat
135.13,59.77,36.68,23.65,65.98,6.5,99.8,cotton
52.34,58.94,73.47,15.88,14.53,7.61,97.49,chickpea
80.03,41.43,33.75,27.34,69.58,6.21,191.34,sugarcane
18.14,28.35,50.88,28.36,57.61,7.43,91.4,mango
21.39,11.77,13.95,21.4,81.56,7.11,90.96,orange
98.26,52.97,45.64,26.27,76.86,5.62,192.86,rice
81.76,37.21,26.43,24.22,54.59,5.95,59.63,wheat
28.45,73.05,17.99,21.94,29.52,7.49,49.45,lentil
19.54,5.6,49.42,18.94,84.85,6.45,38.68,pomegranate
87.38,9.01,48.4,35.84,91.33,6.51,42.55,muskmelon
33.88,131.99,215.34,19.33,84.24,6.62,146.69,apple
124.12,39.54,21.8,22.97,46.08,7.56,90.93,cotton
28.85,45.42,20.62,33.09,42.46,5.58,65.29,mothbeans
70.82,36.95,22.77,25.68,56.37,7.18,77.69,millet
118.94,7.49,51.69,25.53,89.58,7.49,27.9,muskmelon
25.02,83.62,184.07,28.88,84.45,5.6,98.76,grapes
20.23,9.76,30.87,29.42,93.59,6.87,156.83,coconut
126.57,63.73,51.97,26.79,79.47,5.6,164.1,banana
22.58,88.24,199.66,17.02,77.89,6.23,55.47,grapes
89.3,41.42,54.68,28.17,82.04,6.19,111.84,sugarcane
31.96,81.31,191.69,24.31,80.0,6.92,90.44,grapes
83.47,42.34,51.53,30.74,94.13,6.53,152.99,jute
80.51,45.0,38.86,25.08,87.18,7.33,178.11,jute
123.19,48.57,40.08,33.71,80.01,6.69,193.04,sugarcane
5.11,12.02,43.72,23.15,93.48,5.83,36.38,pomegranate
20.04,58.27,21.42,29.3,46.44,7.13,42.21,lentil
62.94,58.98,36.53,31.25,79.38,6.47,240.83,jute
92.71,38.06,35.71,26.39,57.34,7.13,83.97,cotton
12.03,78.68,20.36,25.39,23.55,7.35,66.79,lentil
75.84,8.94,56.5,29.54,77.24,6.25,52.39,watermelon
35.58,60.52,200.73,20.6,72.12,6.01,95.54,grapes
18.03,17.21,36.0,27.83,91.79,6.81,225.08,coconut
129.0,43.17,39.85,32.08,47.11,7.62,91.15,cotton
103.25,38.6,33.55,13.43,50.17,6.41,79.12,wheat
56.69,63.08,92.46,19.85,14.41,7.32,69.69,chickpea
33.7,107.64,199.03,16.95,87.11,5.53,111.63,apple
63.36,45.79,38.01,29.03,82.7,6.08,177.26,jute
27.12,61.74,21.57,33.3,56.04,5.4,59.84,mothbeans
21.98,89.2,209.45,18.7,68.18,6.37,94.59,grapes
110.11,44.71,48.41,24.77,53.85,6.06,76.73,wheat
18.52,38.68,43.54,24.64,59.64,5.52,88.86,mango
69.67,58.75,37.65,30.27,61.24,6.43,60.53,millet
65.36,41.83,21.26,28.94,63.84,6.29,58.46,millet
80.92,26.0,50.62,33.7,80.14,7.01,190.0,sugarcane
111.59,54.46,21.68,27.16,51.19,6.81,89.55,cotton
27.14,58.55,24.48,18.49,24.52,6.02,82.69,kidneybeans
121.49,23.72,52.6,24.38,70.02,7.41,140.77,sugarcane
21.26,63.33,17.45,21.98,24.64,5.61,57.68,lentil
119.68,78.25,46.83,29.68,90.45,5.66,174.57,banana
103.1,34.64,38.9,29.69,84.48,6.31,262.2,rice
34.68,109.42,196.31,23.35,93.74,6.45,161.56,apple
19.29,9.83,8.74,30.42,90.73,6.99,98.05,orange
22.1,89.21,89.5,20.93,19.82,7.44,76.16,chickpea
52.64,30.94,45.59,28.28,44.66,6.75,62.92,millet
60.65,57.42,45.04,33.41,87.48,6.97,195.6,jute
109.83,46.44,56.92,27.44,81.87,5.89,187.09,rice
74.32,40.99,52.96,26.56,83.39,6.37,228.0,jute
56.28,53.57,47.14,25.23,84.87,6.64,147.66,papaya
14.68,14.68,8.59,21.24,92.64,7.03,109.31,orange
25.41,42.91,16.29,32.8,40.45,3.61,37.72,mothbeans
20.94,65.78,22.56,15.31,20.33,5.91,97.62,kidneybeans
98.09,49.67,22.74,15.22,50.0,6.84,110.04,wheat
